iter,sample,CostTheory,costPower,costError,costQoS,P,R,Pcoef,Rcoef,weight1,weight2,weight3,weight4,weight5,weight6,weight7,weight8,weight9,weight10,weight11,weight12,weight13,weight14,weight15,weight16,prob1,prob2,prob3,prob4,prob5,prob6,prob7,prob8,prob9,prob10,prob11,prob12,prob13,prob14,prob15,prob16
0,0,248.068993,39.070500,13.961388,195.037105,157675,27440,1.000000,0.599986,0.0625,0.0625,0.0625,0.0625,0.0625,0.0625,0.0625,0.0625,0.0625,0.0625,0.0625,0.0625,0.0625,0.0625,0.0625,0.0625,0.0012305168170630987,0.3862212943632567,0,0.6474007103648692,1.0,1.0,0,0.6292352371732817,0,0,0,0,0,0,0,1.0
1,0,70.441777,44.319300,26.090789,0.031689,181452,33721,1.150798,0.737323,0.054663,0.066662,0.052773,0.091411,0.083218,0.070579,0.052266,0.065627,0.051897,0.051759,0.056599,0.053925,0.055262,0.055493,0.055493,0.082373,0,0,0,0,0,0,0,0,0,0,0,0,0,0,0,0
2,0,494.301397,34.462200,5.201878,454.637318,140473,25599,0.890902,0.559732,0.054663,0.066662,0.052773,0.091411,0.083218,0.070579,0.052266,0.065627,0.051897,0.051759,0.056599,0.053925,0.055262,0.055493,0.055493,0.082373,1.0,1.0,1.0,1.0,1.0,1.0,0,1.0,0,0,0.8255481410867493,0,0,0.7458563535911602,1.0,1.0
3,0,111.913927,58.180500,53.701739,0.031689,235400,41465,1.492944,0.906648,0.0635759375,0.0790559375,0.0622689375,0.1024089375,0.09379693750000001,0.0696299375,0.03651193750000001,0.0657699375,0.0355359375,0.035169937500000005,0.07130393750000001,0.040900937500000005,0.0444369375,0.053950937500000004,0.059947937500000006,0.08573493750000001,0,0,0,0,0,0,0,0,0,0,0,0,0,0,0,0
4,0,584.322223,30.390900,8.011374,545.919949,114406,13103,0.725581,0.286502,0.0635759375,0.0790559375,0.0622689375,0.1024089375,0.09379693750000001,0.0696299375,0.03651193750000001,0.0657699375,0.0355359375,0.035169937500000005,0.07130393750000001,0.040900937500000005,0.0444369375,0.053950937500000004,0.059947937500000006,0.08573493750000001,1.0,1.0,1.0,1.0,1.0,1.0,0.3939393939393939,1.0,1.0,0.3793103448275862,1.0,0,0,1.0,1.0,1.0
5,0,629.843985,24.000900,13.926022,591.917063,102720,22717,0.651467,0.496716,0.06684893750000002,0.08842893750000001,0.06431493750000002,0.12162393750000002,0.10099693750000002,0.06857193750000001,0.02802093750000002,0.06292793750000002,0.025780937500000017,0.026124937500000018,0.07988393750000002,0.031877937500000016,0.03718493750000002,0.05108293750000002,0.05857993750000002,0.08774993750000001,1.0,1.0,1.0,1.0,1.0,1.0,0.9868421052631579,1.0,1.0,0.7446808510638299,1.0,0,0,1.0,1.0,1.0
6,0,636.373524,22.781400,15.645306,597.946818,99315,23377,0.629872,0.511147,0.0702079375,0.09362093749999999,0.06713193749999999,0.1269519375,0.10462793749999999,0.0690009375,0.02341693749999999,0.061864937499999995,0.020156937499999993,0.020871937499999993,0.08518393749999999,0.02745993749999999,0.03369693749999999,0.04923493749999999,0.05741993749999999,0.08915193749999999,1.0,1.0,1.0,1.0,1.0,1.0,1.0,1.0,1.0,0.8571428571428571,1.0,0,0,1.0,1.0,1.0
7,0,88.511684,54.276600,34.203395,0.031689,196958,16036,1.249139,0.350633,0.0734200625,0.0982070625,0.0698410625,0.1317070625,0.1079250625,0.0696300625,0.018856062500000003,0.0609230625,0.015190062500000002,0.0159050625,0.08984006250000001,0.0237350625,0.030804062500000003,0.0473920625,0.0560760625,0.0905480625,0,0,0,0,0,0,0,0,0,0,0,0,0,0,0,0
8,0,87.981616,51.702000,36.247928,0.031689,201233,28893,1.276252,0.631757,0.0734200625,0.0982070625,0.0698410625,0.1317070625,0.1079250625,0.0696300625,0.018856062500000003,0.0609230625,0.015190062500000002,0.0159050625,0.08984006250000001,0.0237350625,0.030804062500000003,0.0473920625,0.0560760625,0.0905480625,0,0,0,0,0,0,0,0,0,0,0,0,0,0,0,0
9,0,632.916124,21.243000,16.121753,595.551371,98386,27576,0.623980,0.602960,0.0734200625,0.0982070625,0.0698410625,0.1317070625,0.1079250625,0.0696300625,0.018856062500000003,0.0609230625,0.015190062500000002,0.0159050625,0.08984006250000001,0.0237350625,0.030804062500000003,0.0473920625,0.0560760625,0.0905480625,1.0,1.0,1.0,1.0,1.0,1.0,0.987012987012987,1.0,1.0,0.8202247191011236,1.0,0,0,1.0,1.0,1.0
10,0,495.402694,34.146900,2.665137,458.590657,135482,21659,0.859248,0.473583,0.076778,0.101614,0.072997,0.134675,0.110944,0.070586,0.014529,0.060455,0.010602,0.011248,0.094467,0.020323,0.028169,0.045726,0.054891,0.091996,0.02259654889071494,1.0,0.9989748846745259,0,1.0,1.0,0.9759036144578314,1.0,1.0,0.8736842105263158,0,0,0,1.0,0.8050847457627118,1.0
11,0,266.893496,31.861800,4.609121,230.422574,139309,33103,0.883520,0.723810,0.06849199999999998,0.10642299999999999,0.08442699999999999,0.12450699999999999,0.12054499999999999,0.07390999999999999,0.009603999999999986,0.06402199999999998,0.010601999999999986,0.011247999999999985,0.08836799999999999,0.011197999999999986,0.020556999999999985,0.048080999999999985,0.058459999999999984,0.09955599999999999,0.3753806002609831,0.03889739663093417,0.006701771182383909,0,0.30817120622568084,1.0,1.0,1.0,1.0,0.8131868131868132,0,0,0,0,0,0.07295173961840618
12,0,63.229436,45.906900,17.290847,0.031689,164053,11030,1.040450,0.241175,0.0710909375,0.10366193750000001,0.08188893750000001,0.12201993750000001,0.1206409375,0.07879493750000001,0.009603937500000005,0.0728189375,0.010601937500000005,0.012617937500000006,0.0866829375,0.011197937500000005,0.018573937500000005,0.0461499375,0.05652893750000001,0.09712593750000001,0,0,0,0,0,0,0,0,0,0,0,0,0,0,0,0
13,0,68.756601,43.137300,25.587612,0.031689,180482,36691,1.144646,0.802263,0.0710909375,0.10366193750000001,0.08188893750000001,0.12201993750000001,0.1206409375,0.07879493750000001,0.009603937500000005,0.0728189375,0.010601937500000005,0.012617937500000006,0.0866829375,0.011197937500000005,0.018573937500000005,0.0461499375,0.05652893750000001,0.09712593750000001,0,0,0,0,0,0,0,0,0,0,0,0,0,0,0,0
14,0,198.006393,38.760300,6.448022,152.798071,142910,13709,0.906358,0.299753,0.0710909375,0.10366193750000001,0.08188893750000001,0.12201993750000001,0.1206409375,0.07879493750000001,0.009603937500000005,0.0728189375,0.010601937500000005,0.012617937500000006,0.0866829375,0.011197937500000005,0.018573937500000005,0.0461499375,0.05652893750000001,0.09712593750000001,0,0,0,0,0.10071942446043158,0.7449483610237988,0.9736842105263158,0.10842207163601159,1.0,0.8041237113402062,0,0,0.1293103448275862,0,0,0
15,0,112.608841,33.798900,12.983705,65.826237,155778,43115,0.987969,0.942726,0.0689900625,0.10099206250000001,0.0794170625,0.11959306250000001,0.12067206250000001,0.0909900625,0.010321062500000002,0.07183106250000001,0.010602062500000002,0.016351062500000003,0.08496106249999999,0.011198062500000001,0.020608062500000003,0.0442110625,0.0545900625,0.09467206250000001,0.10098119378577264,0.05958471260908815,0.009456264775413725,0,0.11465451784358383,0.45015787099684257,0,0.16205910390848433,1.0,0,0,0,0,0,0,0.12009106431417182
16,0,125.456335,64.873800,60.550847,0.031689,248495,32249,1.575995,0.705137,0.069066125,0.10051312500000001,0.07897512500000001,0.119159125,0.120481125,0.09133412499999999,0.010321124999999997,0.07301612499999999,0.012872124999999996,0.015874124999999996,0.084651125,0.010796124999999997,0.020252124999999996,0.043863124999999996,0.054242124999999995,0.09458312499999999,0,0,0,0,0,0,0,0,0,0,0,0,0,0,0,0
17,0,113.824145,59.272200,54.520256,0.031689,236959,39385,1.502832,0.861168,0.069066125,0.10051312500000001,0.07897512500000001,0.119159125,0.120481125,0.09133412499999999,0.010321124999999997,0.07301612499999999,0.012872124999999996,0.015874124999999996,0.084651125,0.010796124999999997,0.020252124999999996,0.043863124999999996,0.054242124999999995,0.09458312499999999,0,0,0,0,0,0,0,0,0,0,0,0,0,0,0,0
18,0,97.639150,43.750800,12.249876,41.638474,154205,8369,0.977993,0.182991,0.069066125,0.10051312500000001,0.07897512500000001,0.119159125,0.120481125,0.09133412499999999,0.010321124999999997,0.07301612499999999,0.012872124999999996,0.015874124999999996,0.084651125,0.010796124999999997,0.020252124999999996,0.043863124999999996,0.054242124999999995,0.09458312499999999,0,0,0,0,0,0.07866609662248825,0.09090909090909083,0,0.9552238805970149,0,0,0,0,0,0,0
19,0,85.468959,51.029100,34.408170,0.031689,197631,27534,1.253407,0.602042,0.0688090625,0.10022206250000001,0.07869606250000001,0.11888306250000001,0.12027306250000001,0.09160206250000001,0.010296062500000008,0.0727520625,0.01601706250000001,0.015583062500000008,0.08441706250000001,0.01053106250000001,0.020002062500000008,0.04361606250000001,0.05399506250000001,0.09430506250000001,0,0,0,0,0,0,0,0,0,0,0,0,0,0,0,0
20,0,146.341262,41.333400,10.891682,94.116180,151614,13836,0.961560,0.302530,0.0688090625,0.10022206250000001,0.07869606250000001,0.11888306250000001,0.12027306250000001,0.09160206250000001,0.010296062500000008,0.0727520625,0.01601706250000001,0.015583062500000008,0.08441706250000001,0.01053106250000001,0.020002062500000008,0.04361606250000001,0.05399506250000001,0.09430506250000001,0.0004180602006689238,0,0,0,0.029796511627906974,0.2131868131868132,0.9772727272727273,0.16931711880261924,1.0,0,0,0,0,0,0,0
21,0,60.582296,40.448400,14.491013,5.642884,158703,23875,1.006520,0.522036,0.067539875,0.098640875,0.077223875,0.117435875,0.119462875,0.095212875,0.015461874999999996,0.075161875,0.019081874999999995,0.014001874999999997,0.083354875,0.010530874999999997,0.018796874999999998,0.042435875,0.052814875,0.09284287499999999,0,0,0,0,0.011404133998574428,0.12265758091993184,0,0.08223972003499558,0.185483870967742,0,0,0,0,0,0,0
22,0,400.054250,36.141900,3.465916,360.446434,137056,16583,0.869231,0.362594,0.06736687499999999,0.09840587499999999,0.07701087499999999,0.117227875,0.119378875,0.09622887499999999,0.015237874999999996,0.075411875,0.020189874999999996,0.013766874999999996,0.083222875,0.010341874999999997,0.018636874999999997,0.042280874999999996,0.052659874999999995,0.092631875,0.5468066491688539,0.6995475113122172,0.017114914425428007,0,1.0,1.0,0.9886363636363636,1.0,1.0,0.7088607594936709,0,0,0.19827586206896552,0.435374149659864,0.12878787878787878,1.0
23,0,56.649883,38.033100,18.584990,0.031793,166770,39993,1.057682,0.874463,0.07187306250000003,0.10747006250000002,0.06598806250000003,0.10650006250000002,0.1345750625,0.10061006250000001,0.010919062500000016,0.08088006250000002,0.011589062500000016,0.013767062500000015,0.0771480625,0.010342062500000016,0.016377062500000015,0.03899606250000002,0.04668406250000002,0.10628106250000002,0,0,0,0,0,0.0008587376556461468,0,0,0,0,0,0,0,0,0,0
24,0,80.346160,51.240000,29.074471,0.031689,187042,16242,1.186250,0.355138,0.0718329375,0.1074029375,0.06592993750000001,0.1064439375,0.1345729375,0.10130493750000001,0.010855937500000004,0.08083393750000001,0.011522937500000005,0.013699937500000006,0.0771249375,0.010294937500000005,0.016341937500000004,0.0389629375,0.0466509375,0.1062239375,0,0,0,0,0,0,0,0,0,0,0,0,0,0,0,0
25,0,347.129473,34.544700,4.165973,308.418800,138435,23286,0.877977,0.509157,0.0718329375,0.1074029375,0.06592993750000001,0.1064439375,0.1345729375,0.10130493750000001,0.010855937500000004,0.08083393750000001,0.011522937500000005,0.013699937500000006,0.0771249375,0.010294937500000005,0.016341937500000004,0.0389629375,0.0466509375,0.1062239375,0.052156057494866515,0,0,0,0.9169960474308301,1.0,0.962962962962963,0.6186440677966102,1.0,0.7741935483870968,0,0,0.1367521367521367,0.8666666666666667,1.0,0.1452393760086068
26,0,546.011809,34.239300,1.644293,510.128216,126993,12862,0.805410,0.281233,0.055133062499999996,0.08489106249999999,0.045375062499999994,0.08633406249999999,0.1589520625,0.1136480625,0.010856062499999994,0.0948670625,0.011523062499999995,0.014923062499999995,0.0639560625,0.010295062499999995,0.012896062499999994,0.057074062499999995,0.08564006249999999,0.09363606249999999,1.0,1.0,1.0,1.0,1.0,1.0,0.9878048780487805,1.0,1.0,0.7659574468085106,0.5610749185667752,0,0.34959349593495925,0.3631578947368421,0,1.0
27,0,73.640375,50.247600,23.361086,0.031689,175655,8163,1.114032,0.178487,0.056234937500000005,0.09442193750000001,0.0427929375,0.1164889375,0.1651299375,0.1064699375,0.010855937500000004,0.0878069375,0.011522937500000005,0.014922937500000006,0.0641169375,0.010294937500000005,0.012895937500000005,0.043785937500000004,0.0691019375,0.09315693750000001,0,0,0,0,0,0,0,0,0,0,0,0,0,0,0,0
28,0,66.163717,45.412200,20.719829,0.031689,170854,19480,1.083583,0.425938,0.056234937500000005,0.09442193750000001,0.0427929375,0.1164889375,0.1651299375,0.1064699375,0.010855937500000004,0.0878069375,0.011522937500000005,0.014922937500000006,0.0641169375,0.010294937500000005,0.012895937500000005,0.043785937500000004,0.0691019375,0.09315693750000001,0,0,0,0,0,0,0,0,0,0,0,0,0,0,0,0
29,0,90.045439,51.263700,38.750050,0.031689,206189,35310,1.307684,0.772067,0.056234937500000005,0.09442193750000001,0.0427929375,0.1164889375,0.1651299375,0.1064699375,0.010855937500000004,0.0878069375,0.011522937500000005,0.014922937500000006,0.0641169375,0.010294937500000005,0.012895937500000005,0.043785937500000004,0.0691019375,0.09315693750000001,0,0,0,0,0,0,0,0,0,0,0,0,0,0,0,0
30,0,88.643706,51.189900,37.422117,0.031689,203573,32940,1.291092,0.720246,0.056234937500000005,0.09442193750000001,0.0427929375,0.1164889375,0.1651299375,0.1064699375,0.010855937500000004,0.0878069375,0.011522937500000005,0.014922937500000006,0.0641169375,0.010294937500000005,0.012895937500000005,0.043785937500000004,0.0691019375,0.09315693750000001,0,0,0,0,0,0,0,0,0,0,0,0,0,0,0,0
31,0,100.248830,36.431400,11.835636,51.981794,153512,32074,0.973598,0.701311,0.056234937500000005,0.09442193750000001,0.0427929375,0.1164889375,0.1651299375,0.1064699375,0.010855937500000004,0.0878069375,0.011522937500000005,0.014922937500000006,0.0641169375,0.010294937500000005,0.012895937500000005,0.043785937500000004,0.0691019375,0.09315693750000001,0.00041788549937316066,0,0.1335012594458439,0,0.007623007623007605,0.24578414839797647,0,0.12420091324200921,0.9733333333333334,0,0,0,0,0,0,0.0038126361655772545
32,0,193.067082,36.012000,9.127739,147.927342,148190,28150,0.939845,0.615511,0.055691999999999985,0.09374499999999998,0.045847999999999986,0.11586899999999999,0.16477799999999998,0.10648699999999998,0.010201999999999985,0.08845099999999999,0.013934999999999986,0.014245999999999986,0.06366299999999998,0.010294999999999986,0.012379999999999987,0.043280999999999986,0.06859699999999999,0.09253099999999999,0.4103110353642949,0.026978950489178866,0.4444444444444444,0,0.1698389458272328,0.468403074295474,0.9891304347826086,0.2530922930542341,1.0,0,0,0,0,0,0,0.1447513812154696
33,0,149.363410,36.924000,8.003192,104.436218,145976,22896,0.925803,0.500630,0.06258587500000001,0.09050187500000001,0.05611387500000001,0.112934875,0.163483875,0.105872875,0.01337287500000001,0.08907787500000001,0.01427687500000001,0.01099987500000001,0.06162987500000001,0.01029487500000001,0.01001187500000001,0.04097087500000001,0.06628687500000001,0.09158487500000001,0,0,0,0,0.01386962552011095,0.1120543293718167,0.9876543209876543,0.0,1.0,0.46875,0,0,0.02608695652173909,0,0,0
34,0,644.151599,26.923200,13.105702,604.122697,104306,14562,0.661525,0.318404,0.061364937499999994,0.0891759375,0.05482393749999999,0.1116539375,0.1624129375,0.10525293749999999,0.021998937499999992,0.08783293749999999,0.01628093749999999,0.013241937499999992,0.06047893749999999,0.010294937499999992,0.010011937499999991,0.039779937499999994,0.06509593749999999,0.0902989375,1.0,1.0,1.0,1.0,1.0,1.0,0.975,1.0,1.0,0.8048780487804879,1.0,0,0.30597014925373134,1.0,1.0,1.0
35,0,131.026241,70.121400,60.873152,0.031689,247802,14064,1.571600,0.307515,0.06223299999999998,0.09395999999999999,0.054171999999999984,0.12157199999999999,0.164404,0.10324599999999999,0.014201999999999985,0.08501899999999998,0.016280999999999986,0.013241999999999986,0.06329699999999999,0.010294999999999986,0.010011999999999986,0.03544399999999999,0.06254399999999999,0.09007699999999999,0,0,0,0,0,0,0,0,0,0,0,0,0,0,0,0
36,0,89.180436,51.685800,37.462948,0.031689,203633,31347,1.291473,0.685414,0.06223299999999998,0.09395999999999999,0.054171999999999984,0.12157199999999999,0.164404,0.10324599999999999,0.014201999999999985,0.08501899999999998,0.016280999999999986,0.013241999999999986,0.06329699999999999,0.010294999999999986,0.010011999999999986,0.03544399999999999,0.06254399999999999,0.09007699999999999,0,0,0,0,0,0,0,0,0,0,0,0,0,0,0,0
37,0,95.581451,55.387200,40.162562,0.031689,208752,24128,1.323938,0.527568,0.06223299999999998,0.09395999999999999,0.054171999999999984,0.12157199999999999,0.164404,0.10324599999999999,0.014201999999999985,0.08501899999999998,0.016280999999999986,0.013241999999999986,0.06329699999999999,0.010294999999999986,0.010011999999999986,0.03544399999999999,0.06254399999999999,0.09007699999999999,0,0,0,0,0,0,0,0,0,0,0,0,0,0,0,0
38,0,84.673098,54.406200,30.235210,0.031689,188683,7329,1.196658,0.160251,0.06223299999999998,0.09395999999999999,0.054171999999999984,0.12157199999999999,0.164404,0.10324599999999999,0.014201999999999985,0.08501899999999998,0.016280999999999986,0.013241999999999986,0.06329699999999999,0.010294999999999986,0.010011999999999986,0.03544399999999999,0.06254399999999999,0.09007699999999999,0,0,0,0,0,0,0,0,0,0,0,0,0,0,0,0
39,0,638.124555,27.984900,12.222906,597.916750,106046,12763,0.672561,0.279068,0.06223299999999998,0.09395999999999999,0.054171999999999984,0.12157199999999999,0.164404,0.10324599999999999,0.014201999999999985,0.08501899999999998,0.016280999999999986,0.013241999999999986,0.06329699999999999,0.010294999999999986,0.010011999999999986,0.03544399999999999,0.06254399999999999,0.09007699999999999,1.0,1.0,1.0,1.0,1.0,1.0,0.9903846153846154,1.0,1.0,0.7380952380952381,1.0,0,0.22807017543859653,1.0,1.0,1.0
40,0,643.154301,32.956800,5.912538,604.284964,118549,8693,0.751857,0.190076,0.062190875,0.098189875,0.052232875,0.13129887499999998,0.166616875,0.10044787499999999,0.014201874999999996,0.08112987499999999,0.016280874999999997,0.013241874999999997,0.065970875,0.010294874999999997,0.010011874999999996,0.029758874999999997,0.059031875,0.089099875,1.0,1.0,1.0,1.0,1.0,1.0,0.9880952380952381,1.0,1.0,0.8108108108108107,1.0,0,0.29032258064516125,1.0,1.0,1.0
41,0,606.425133,26.293500,7.727126,572.404507,114991,27346,0.729291,0.597931,0.060439937500000006,0.10557493750000001,0.046188937500000006,0.1548989375,0.17446093750000002,0.09432393750000001,0.014201937500000004,0.07221993750000001,0.016280937500000005,0.013241937500000005,0.0720009375,0.010294937500000005,0.010011937500000005,0.017916937500000004,0.051877937500000006,0.08606493750000001,1.0,1.0,1.0,1.0,1.0,1.0,1.0,1.0,1.0,0.7682926829268293,0.32342657342657344,0,0.33333333333333337,1.0,1.0,1.0
42,0,556.916400,24.136800,3.052827,529.726773,124218,43762,0.787810,0.956873,0.06602199999999998,0.10585599999999999,0.05291299999999999,0.151254,0.17319099999999998,0.09308999999999999,0.014201999999999985,0.07261499999999999,0.009857999999999987,0.013241999999999986,0.07220199999999999,0.010294999999999986,0.010011999999999986,0.014046999999999987,0.05280399999999998,0.08839699999999999,1.0,1.0,1.0,0.37905073649754495,1.0,1.0,0.9876543209876543,1.0,1.0,0.7352941176470589,0.04491525423728815,0,0.33333333333333326,1.0,1.0,1.0
43,0,89.300899,52.570800,36.698410,0.031689,202078,26842,1.281611,0.586911,0.06996193749999999,0.10339393749999999,0.06155393749999999,0.1469349375,0.1709369375,0.0913109375,0.012745937499999992,0.07411493749999999,0.009857937499999992,0.010681937499999992,0.0692899375,0.010294937499999992,0.010011937499999991,0.01188993749999999,0.058200937499999994,0.08881893749999999,0,0,0,0,0,0,0,0,0,0,0,0,0,0,0,0
44,0,96.198103,57.202200,38.964214,0.031689,206109,15435,1.307176,0.337492,0.06996193749999999,0.10339393749999999,0.06155393749999999,0.1469349375,0.1709369375,0.0913109375,0.012745937499999992,0.07411493749999999,0.009857937499999992,0.010681937499999992,0.0692899375,0.010294937499999992,0.010011937499999991,0.01188993749999999,0.058200937499999994,0.08881893749999999,0,0,0,0,0,0,0,0,0,0,0,0,0,0,0,0
45,0,116.975016,60.483300,56.460027,0.031689,240726,39115,1.526723,0.855265,0.06996193749999999,0.10339393749999999,0.06155393749999999,0.1469349375,0.1709369375,0.0913109375,0.012745937499999992,0.07411493749999999,0.009857937499999992,0.010681937499999992,0.0692899375,0.010294937499999992,0.010011937499999991,0.01188993749999999,0.058200937499999994,0.08881893749999999,0,0,0,0,0,0,0,0,0,0,0,0,0,0,0,0
46,0,95.820928,55.436100,40.353140,0.031689,209127,24340,1.326317,0.532204,0.06996193749999999,0.10339393749999999,0.06155393749999999,0.1469349375,0.1709369375,0.0913109375,0.012745937499999992,0.07411493749999999,0.009857937499999992,0.010681937499999992,0.0692899375,0.010294937499999992,0.010011937499999991,0.01188993749999999,0.058200937499999994,0.08881893749999999,0,0,0,0,0,0,0,0,0,0,0,0,0,0,0,0
47,0,107.312189,57.646500,49.634000,0.031689,227383,35228,1.442099,0.770274,0.06996193749999999,0.10339393749999999,0.06155393749999999,0.1469349375,0.1709369375,0.0913109375,0.012745937499999992,0.07411493749999999,0.009857937499999992,0.010681937499999992,0.0692899375,0.010294937499999992,0.010011937499999991,0.01188993749999999,0.058200937499999994,0.08881893749999999,0,0,0,0,0,0,0,0,0,0,0,0,0,0,0,0
48,0,81.886501,46.958400,34.896412,0.031689,198721,42193,1.260320,0.922566,0.06996193749999999,0.10339393749999999,0.06155393749999999,0.1469349375,0.1709369375,0.0913109375,0.012745937499999992,0.07411493749999999,0.009857937499999992,0.010681937499999992,0.0692899375,0.010294937499999992,0.010011937499999991,0.01188993749999999,0.058200937499999994,0.08881893749999999,0,0,0,0,0,0,0,0,0,0,0,0,0,0,0,0
49,0,85.379855,52.464900,32.883266,0.031689,194518,19635,1.233664,0.429327,0.06996193749999999,0.10339393749999999,0.06155393749999999,0.1469349375,0.1709369375,0.0913109375,0.012745937499999992,0.07411493749999999,0.009857937499999992,0.010681937499999992,0.0692899375,0.010294937499999992,0.010011937499999991,0.01188993749999999,0.058200937499999994,0.08881893749999999,0,0,0,0,0,0,0,0,0,0,0,0,0,0,0,0
50,0,77.181411,50.735400,26.414322,0.031689,181774,12656,1.152840,0.276728,0.06996193749999999,0.10339393749999999,0.06155393749999999,0.1469349375,0.1709369375,0.0913109375,0.012745937499999992,0.07411493749999999,0.009857937499999992,0.010681937499999992,0.0692899375,0.010294937499999992,0.010011937499999991,0.01188993749999999,0.058200937499999994,0.08881893749999999,0,0,0,0,0,0,0,0,0,0,0,0,0,0,0,0
51,0,546.984727,27.134100,2.712235,517.138392,124889,34442,0.792066,0.753088,0.06996193749999999,0.10339393749999999,0.06155393749999999,0.1469349375,0.1709369375,0.0913109375,0.012745937499999992,0.07411493749999999,0.009857937499999992,0.010681937499999992,0.0692899375,0.010294937499999992,0.010011937499999991,0.01188993749999999,0.058200937499999994,0.08881893749999999,1.0,1.0,1.0,0.7690553745928339,1.0,1.0,1.0,1.0,1.0,0.8631578947368421,0.23372287145242066,0,0.3076923076923077,1.0,0,1.0
52,0,97.112290,52.135200,44.945401,0.031689,218369,44585,1.384931,0.974868,0.07478506250000001,0.1020730625,0.0695160625,0.14204606250000001,0.1687070625,0.09015906250000001,0.009413062500000008,0.07621206250000001,0.00985806250000001,0.01068206250000001,0.0693500625,0.010295062500000009,0.010012062500000009,0.011890062500000008,0.05419506250000001,0.0908060625,0,0,0,0,0,0,0,0,0,0,0,0,0,0,0,0
53,0,111.037412,60.549900,50.455823,0.031689,228781,26948,1.450966,0.589229,0.07478506250000001,0.1020730625,0.0695160625,0.14204606250000001,0.1687070625,0.09015906250000001,0.009413062500000008,0.07621206250000001,0.00985806250000001,0.01068206250000001,0.0693500625,0.010295062500000009,0.010012062500000009,0.011890062500000008,0.05419506250000001,0.0908060625,0,0,0,0,0,0,0,0,0,0,0,0,0,0,0,0
54,0,639.388017,25.220100,10.876703,603.291213,108762,24695,0.689786,0.539966,0.07478506250000001,0.1020730625,0.0695160625,0.14204606250000001,0.1687070625,0.09015906250000001,0.009413062500000008,0.07621206250000001,0.00985806250000001,0.01068206250000001,0.0693500625,0.010295062500000009,0.010012062500000009,0.011890062500000008,0.05419506250000001,0.0908060625,1.0,1.0,1.0,1.0,1.0,1.0,1.0,1.0,1.0,0.7634408602150538,1.0,0,0.30508474576271183,1.0,1.0,1.0
55,0,117.789265,61.177500,56.580076,0.031689,240917,36992,1.527934,0.808845,0.0766,0.102399,0.071618,0.140177,0.167394,0.087884,0.009413,0.074078,0.009858,0.010682,0.074979,0.010295,0.010012,0.01189,0.052145,0.090576,0,0,0,0,0,0,0,0,0,0,0,0,0,0,0,0
56,0,65.190206,44.333700,20.824817,0.031689,171092,23313,1.085093,0.509748,0.0766,0.102399,0.071618,0.140177,0.167394,0.087884,0.009413,0.074078,0.009858,0.010682,0.074979,0.010295,0.010012,0.01189,0.052145,0.090576,0,0,0,0,0,0,0,0,0,0,0,0,0,0,0,0
57,0,476.305539,35.132400,0.639079,440.534060,128975,11867,0.817980,0.259477,0.0766,0.102399,0.071618,0.140177,0.167394,0.087884,0.009413,0.074078,0.009858,0.010682,0.074979,0.010295,0.010012,0.01189,0.052145,0.090576,0.2852800694745983,1.0,0.009286412512218956,0,1.0,1.0,0.9888888888888889,1.0,1.0,0.7978723404255319,0,0,0.3055555555555556,1.0,1.0,1.0
58,0,631.051813,19.472400,12.176150,599.403262,106213,41305,0.673620,0.903150,0.071182,0.121993,0.056954,0.125862,0.179105,0.089852,0.009413,0.074134,0.009858,0.010682,0.066121,0.010295,0.010012,0.01189,0.052541,0.100106,1.0,1.0,1.0,1.0,1.0,1.0,1.0,1.0,1.0,0.7155963302752293,1.0,0,0.2719298245614036,1.0,1.0,1.0
59,0,89.197367,55.521300,33.644378,0.031689,195544,10473,1.240171,0.228996,0.072999,0.118771,0.061331,0.124193,0.177059,0.087865,0.009413,0.073273,0.009858,0.010682,0.071908,0.010295,0.010012,0.01189,0.051829,0.098622,0,0,0,0,0,0,0,0,0,0,0,0,0,0,0,0
60,0,61.244337,45.992400,15.220248,0.031689,159902,6594,1.014124,0.144180,0.072999,0.118771,0.061331,0.124193,0.177059,0.087865,0.009413,0.073273,0.009858,0.010682,0.071908,0.010295,0.010012,0.01189,0.051829,0.098622,0,0,0,0,0,0,0,0,0,0,0,0,0,0,0,0
61,0,495.896490,27.890100,1.328302,466.678088,127617,34650,0.809367,0.757636,0.072999,0.118771,0.061331,0.124193,0.177059,0.087865,0.009413,0.073273,0.009858,0.010682,0.071908,0.010295,0.010012,0.01189,0.051829,0.098622,1.0,0.5498470948012233,1.0,0.011363636363636354,1.0,1.0,0.9868421052631579,1.0,1.0,0.858974358974359,0,0,0.29850746268656714,1.0,0.328125,1.0
62,0,86.175508,51.894600,34.249219,0.031689,197270,24288,1.251118,0.531067,0.07777493749999999,0.11466193749999999,0.07046293749999999,0.1195249375,0.1746079375,0.08750593749999999,0.00941293749999999,0.0763369375,0.009857937499999992,0.010681937499999992,0.06870993749999998,0.010294937499999992,0.010011937499999991,0.009119937499999991,0.051477937499999994,0.0995569375,0,0,0,0,0,0,0,0,0,0,0,0,0,0,0,0
63,0,248.241963,31.953600,3.908947,212.379415,137931,31419,0.874780,0.686989,0.07777493749999999,0.11466193749999999,0.07046293749999999,0.1195249375,0.1746079375,0.08750593749999999,0.00941293749999999,0.0763369375,0.009857937499999992,0.010681937499999992,0.06870993749999998,0.010294937499999992,0.010011937499999991,0.009119937499999991,0.051477937499999994,0.0995569375,0.05595288178376101,0,0,0,0.1503175723359209,0.933495145631068,1.0,0.06210045662100461,1.0,0.78125,0,0,0.255639097744361,1.0,0,0.0022844089091946795
64,0,126.082711,66.874200,59.176822,0.031689,245413,22499,1.556448,0.491949,0.07686893749999998,0.11352893749999998,0.06939593749999998,0.11847293749999997,0.17387593749999997,0.09133093749999997,0.010790937499999978,0.07540893749999998,0.009857937499999978,0.012878937499999977,0.06788993749999998,0.010294937499999978,0.011201937499999978,0.009119937499999977,0.05058693749999998,0.09849593749999998,0,0,0,0,0,0,0,0,0,0,0,0,0,0,0,0
65,0,644.663327,29.614200,12.368648,602.680478,105663,6949,0.670132,0.151943,0.07686893749999998,0.11352893749999998,0.06939593749999998,0.11847293749999997,0.17387593749999997,0.09133093749999997,0.010790937499999978,0.07540893749999998,0.009857937499999978,0.012878937499999977,0.06788993749999998,0.010294937499999978,0.011201937499999978,0.009119937499999977,0.05058693749999998,0.09849593749999998,1.0,1.0,1.0,1.0,1.0,1.0,1.0,1.0,1.0,0.8409090909090909,1.0,0,0.2148760330578512,1.0,1.0,1.0
66,0,632.940385,19.078800,11.438986,602.422599,107671,44075,0.682867,0.963717,0.07535693749999998,0.11763093749999999,0.0657539375,0.13304093749999998,0.1779789375,0.08715993749999999,0.010790937499999992,0.06922393749999999,0.009857937499999992,0.012878937499999991,0.0690009375,0.010294937499999992,0.011201937499999991,0.009119937499999991,0.044712937499999994,0.09599593749999999,1.0,1.0,1.0,1.0,1.0,1.0,0.9855072463768116,1.0,1.0,0.8085106382978724,1.0,0,0.2564102564102564,1.0,1.0,1.0
67,0,67.548768,42.247500,25.269579,0.031689,179869,39044,1.140758,0.853712,0.07668199999999999,0.11481999999999999,0.06896199999999998,0.130733,0.176068,0.08553199999999998,0.010790999999999986,0.06903299999999998,0.009857999999999987,0.012878999999999986,0.07477699999999998,0.010294999999999986,0.011201999999999986,0.009119999999999986,0.04423999999999999,0.09500799999999998,0,0,0,0,0,0,0,0,0,0,0,0,0,0,0,0
68,0,597.209317,31.837800,4.470486,560.901031,121415,15289,0.770033,0.334300,0.07668199999999999,0.11481999999999999,0.06896199999999998,0.130733,0.176068,0.08553199999999998,0.010790999999999986,0.06903299999999998,0.009857999999999987,0.012878999999999986,0.07477699999999998,0.010294999999999986,0.011201999999999986,0.009119999999999986,0.04423999999999999,0.09500799999999998,1.0,1.0,1.0,1.0,1.0,1.0,1.0,1.0,1.0,0.8901098901098901,0.01634241245136181,0,0.19512195121951215,1.0,1.0,1.0
69,0,86.167609,48.683100,37.452820,0.031689,203712,41435,1.291974,0.905992,0.08007199999999999,0.11654999999999999,0.07192699999999999,0.13851799999999997,0.178757,0.08265599999999998,0.010790999999999986,0.06505299999999999,0.009857999999999987,0.012878999999999986,0.06578099999999999,0.010294999999999986,0.011201999999999986,0.009119999999999986,0.04035599999999999,0.09618499999999999,0,0,0,0,0,0,0,0,0,0,0,0,0,0,0,0
