iter,sample,CostTheory,costPower,costError,costQoS,P,R,Pcoef,Rcoef,weight1,weight2,prob1,prob2
0,0,159.573906,83.250000,33.121925,43.201981,342600,65100,1.000000,0.600000,0.5,0.5,0,1.0
1,0,128.665592,73.781100,11.682512,43.201981,300493,54556,0.877096,0.502820,0.466845,0.533155,0,1.0
2,0,173.851526,97.728300,32.921246,43.201981,341744,15983,0.997501,0.147309,0.440715,0.559285,0,1.0
3,0,127.392765,84.320700,35.570656,7.501409,347404,66335,1.014022,0.611382,0.404365,0.595635,0,0.2562366737739873
4,0,169.116477,111.068400,58.044116,0.003961,390342,20114,1.139352,0.185382,0.403854,0.596146,0,0
5,0,146.531749,84.453000,18.876768,43.201981,314591,33081,0.918246,0.304894,0.403854,0.596146,0,1.0
6,0,145.692257,83.717700,18.772576,43.201981,314393,35334,0.917668,0.325659,0.359208,0.640792,0,1.0
7,0,121.849395,65.597700,13.049714,43.201981,303191,84532,0.884971,0.779097,0.334631,0.665369,0,1.0
8,0,120.363836,86.155800,34.199419,0.008617,344691,57505,1.006103,0.530000,0.332477,0.667523,0,0.020202290484855
9,0,125.937593,63.452100,19.283512,43.201981,315458,103951,0.920776,0.958074,0.33324,0.66676,0,1.0
10,0,123.542492,69.441600,10.898912,43.201981,298956,67484,0.872609,0.621972,0.297705,0.702295,0,1.0
11,0,111.629050,85.084500,26.528265,0.016285,329624,46009,0.962125,0.424046,0.258881,0.741119,0,0.03308178774512416
12,0,140.724619,88.093800,52.626858,0.003961,380891,87245,1.111766,0.804101,0.25943,0.74057,0,0
13,0,155.693146,100.458900,55.230285,0.003961,385764,50901,1.125989,0.469134,0.25943,0.74057,0,0
14,0,115.464281,80.885400,27.487501,7.091380,331542,61924,0.967723,0.570728,0.25943,0.74057,0,0.24769345634899476
15,0,111.370283,75.125100,28.084973,8.160210,332743,82326,0.971229,0.758765,0.285488,0.714512,0,0.26996248303754355
16,0,119.192944,61.067100,14.923864,43.201981,306882,103325,0.895744,0.952304,0.300861,0.699139,0,1.0
17,0,148.442235,90.684000,57.754274,0.003961,390939,88659,1.141095,0.817134,0.286303,0.713697,0,0
18,0,145.996823,102.252300,43.740562,0.003961,362887,22046,1.059215,0.203189,0.286303,0.713697,0,0
19,0,101.306086,83.884200,17.387398,0.034488,311669,32055,0.909717,0.295438,0.286303,0.713697,0,0.046954041545581804
20,0,139.827384,101.423400,38.400023,0.003961,352210,14132,1.028050,0.130249,0.285415,0.714585,0,0
21,0,155.654686,106.044000,49.606725,0.003961,374154,20674,1.092102,0.190544,0.285415,0.714585,0,0
22,0,118.390858,84.271800,34.086830,0.032227,344488,63582,1.005511,0.586009,0.285415,0.714585,0,0.04572905403623506
23,0,141.054215,84.625800,56.424454,0.003961,388389,106303,1.133651,0.979751,0.285874,0.714126,0,0
24,0,129.153298,68.590800,17.360517,43.201981,311669,83033,0.909717,0.765281,0.285874,0.714126,0,1.0
25,0,127.650829,91.701900,35.937598,0.011331,348023,42350,1.015829,0.390323,0.282625,0.717375,0,0.02594377510040169
26,0,109.586703,71.860800,35.509587,2.216316,347351,107815,1.013867,0.993687,0.283141,0.716859,0,0.14505114919622686
27,0,127.702841,69.718500,14.782360,43.201981,306596,74201,0.894910,0.683880,0.316519,0.683481,0,1.0
28,0,139.362195,83.649600,16.095571,39.617023,309132,30300,0.902312,0.279263,0.287877,0.712123,0,0.9253133946688161
29,0,132.321057,94.163400,38.153696,0.003961,352322,38444,1.028377,0.354323,0.250976,0.749024,0,0
30,0,107.887972,81.878100,25.980652,0.029220,328574,55647,0.959060,0.512876,0.250976,0.749024,0,0.04395225464190977
31,0,109.377445,88.088100,21.169754,0.119590,319046,25419,0.931249,0.234276,0.251642,0.748358,0,0.06928611852211175
32,0,151.038338,105.941400,45.092977,0.003961,364769,11631,1.064708,0.107198,0.223441,0.776559,0,0
33,0,120.221888,90.582600,29.627533,0.011754,335632,33690,0.979661,0.310507,0.223441,0.776559,0,0.026686592655849717
34,0,115.450694,91.888500,23.558233,0.003961,323621,17326,0.944603,0.159687,0.224054,0.775946,0,0
35,0,117.832422,61.093800,12.672801,44.065821,302452,98806,0.882814,0.910654,0.224054,0.775946,0.27953745600804436,0.8385001233451197
36,0,155.581044,85.647000,10.156670,59.777374,297431,11941,0.868158,0.110055,0.246146,0.753854,0.4520833333333334,0.9932786288402834
37,0,96.102836,78.477600,17.545087,0.080149,312010,50418,0.910712,0.464682,0.252448,0.747552,0,0.06205852674066592
38,0,124.815415,67.756200,12.442730,44.616485,301995,76141,0.881480,0.701760,0.252968,0.747032,0.12639999999999996,1.0
39,0,118.260086,86.769300,30.719674,0.771112,337844,48613,0.986118,0.448046,0.285481,0.714519,0,0.10799297087171844
40,0,141.993471,101.969400,40.020110,0.003961,355411,15513,1.037393,0.142977,0.285992,0.714008,0,0
41,0,129.451423,72.636900,13.612543,43.201981,304291,62168,0.888182,0.572977,0.285992,0.714008,0,1.0
42,0,135.797129,82.411200,10.183948,43.201981,297522,22818,0.868424,0.210304,0.282634,0.717366,0,1.0
43,0,127.783560,90.738000,37.041599,0.003961,350214,47754,1.022224,0.440129,0.255404,0.744596,0,0
44,0,122.517514,85.561800,36.951753,0.003961,350107,64901,1.021912,0.598166,0.255404,0.744596,0,0
45,0,151.014166,84.453600,9.059054,57.501512,295293,13781,0.861918,0.127014,0.255404,0.744596,0.3979481641468682,1.0
46,0,106.164683,83.934900,19.611507,2.618276,316040,36257,0.922475,0.334166,0.28915,0.71085,0,0.15386060996563578
47,0,122.521838,86.625900,35.860557,0.035381,347951,59198,1.015619,0.545604,0.288569,0.711431,0,0.047415282392026525
48,0,103.118169,84.246600,18.867608,0.003961,314575,33753,0.918199,0.311088,0.289202,0.710798,0,0
49,0,159.807866,102.213600,57.590305,0.003961,390351,49639,1.139378,0.457502,0.289202,0.710798,0,0
50,0,116.013173,82.191300,30.215297,3.606576,336895,62924,0.983348,0.579945,0.289202,0.710798,0,0.17491062376607436
51,0,113.555477,76.290300,26.436527,10.828650,329498,75197,0.961757,0.693060,0.322257,0.677743,0,0.32555558638293147
52,0,154.234364,98.326200,55.904203,0.003961,387158,59404,1.130058,0.547502,0.334556,0.665444,0,0
53,0,171.908578,112.202400,59.702217,0.003961,393469,19461,1.148479,0.179364,0.334556,0.665444,0,0
54,0,110.264495,73.599600,36.652602,0.012293,349592,104260,1.020409,0.960922,0.334556,0.665444,0,0.027585837484600195
55,0,138.910148,84.506700,54.399487,0.003961,384410,102721,1.122037,0.946737,0.335118,0.664882,0,0
56,0,143.300729,85.651200,57.645568,0.003961,390780,105276,1.140630,0.970286,0.335118,0.664882,0,0
57,0,113.622293,59.237100,11.183212,43.201981,299521,102064,0.874259,0.940682,0.335118,0.664882,0,1.0
58,0,131.787353,74.821500,13.763873,43.201981,304585,55180,0.889040,0.508571,0.308972,0.691028,0,1.0
59,0,111.471544,67.836600,23.893573,19.741371,324520,98398,0.947227,0.906894,0.277075,0.722925,0,0.511237296680553
60,0,146.553025,101.780400,44.768664,0.003961,364992,25724,1.065359,0.237088,0.280938,0.719062,0,0
61,0,121.961768,66.849000,11.910787,43.201981,300949,78119,0.878427,0.719991,0.280938,0.719062,0,1.0
62,0,136.814106,88.096500,48.713645,0.003961,373199,79544,1.089314,0.733124,0.273148,0.726852,0,0
63,0,105.068900,84.614100,20.449166,0.005633,317680,35633,0.927262,0.328415,0.273148,0.726852,0,0.010220104862534218
64,0,152.084957,100.741500,51.339496,0.003961,378077,42272,1.103552,0.389604,0.272639,0.727361,0,0
65,0,154.276523,101.956200,52.316361,0.003961,379948,40094,1.109013,0.369530,0.272639,0.727361,0,0
66,0,126.402248,91.786500,32.396937,2.218812,341053,35098,0.995485,0.323484,0.272639,0.727361,0,0.14510661563696015
67,0,147.700630,91.404000,56.292669,0.003961,388056,83376,1.132680,0.768442,0.297576,0.702424,0,0
68,0,131.246112,91.696500,39.545651,0.003961,355121,49466,1.036547,0.455908,0.297576,0.702424,0,0
69,0,116.733803,75.444000,38.609271,2.680532,353431,101951,1.031614,0.939641,0.297576,0.702424,0,0.1552068239604123
70,0,121.383338,84.631200,30.536174,6.215964,337506,55402,0.985131,0.510618,0.320035,0.679965,0,0.2294509333042244
71,0,153.213111,98.722200,54.486950,0.003961,384356,55282,1.121880,0.509512,0.3429,0.6571,0,0
72,0,134.456321,81.982800,9.271540,43.201981,295731,22455,0.863196,0.206959,0.3429,0.6571,0,1.0
73,0,115.603002,81.771300,33.728474,0.103229,343803,71232,1.003511,0.656516,0.322681,0.677319,0,0.06661515094993209
74,0,141.590841,94.830600,46.756280,0.003961,369240,53138,1.077758,0.489751,0.323281,0.676719,0,0
75,0,143.197030,93.704700,49.488369,0.003961,374639,62290,1.093517,0.574101,0.323281,0.676719,0,0
76,0,113.980156,59.173800,11.604375,43.201981,300350,103104,0.876678,0.950267,0.323281,0.676719,0,1.0
77,0,141.862039,90.377400,51.480678,0.003961,378610,77352,1.105108,0.712922,0.302855,0.697145,0,0
78,0,131.047844,76.940100,10.905764,43.201981,298960,42493,0.872621,0.391641,0.302855,0.697145,0,1.0
79,0,114.637478,61.651500,9.783997,43.201981,296766,91261,0.866217,0.841115,0.283637,0.716363,0,1.0
80,0,113.113081,89.570700,23.525141,0.017240,323646,25077,0.944676,0.231124,0.281688,0.718312,0,0.03416899291389308
81,0,147.999164,92.880000,55.115203,0.003961,385719,76119,1.125858,0.701558,0.281331,0.718669,0,0
82,0,113.590499,77.642400,33.745961,2.202138,343861,85053,1.003681,0.783899,0.281331,0.718669,0,0.1447357827218808
83,0,112.701662,73.756200,32.738223,6.207239,341896,96042,0.997945,0.885180,0.287152,0.712848,0,0.22926907458858736
84,0,149.172117,103.344000,45.824156,0.003961,366931,22451,1.071019,0.206922,0.294364,0.705636,0,0
85,0,147.556803,91.392000,56.160842,0.003961,387797,83157,1.131924,0.766424,0.294364,0.705636,0,0
86,0,147.212715,88.713600,58.495154,0.003961,392419,96707,1.145414,0.891309,0.294364,0.705636,0,0
87,0,121.640436,65.482800,12.955655,43.201981,303006,84730,0.884431,0.780922,0.294364,0.705636,0,1.0
88,0,157.103628,105.128100,51.971567,0.003961,379033,28606,1.106343,0.263650,0.279294,0.720706,0,0
89,0,124.810195,70.063800,11.544144,43.202251,300225,66679,0.876313,0.614553,0.279294,0.720706,0.0021356113187400716,1.0
90,0,120.793082,92.728500,28.060620,0.003961,332476,23381,0.970450,0.215493,0.254218,0.745782,0,0
91,0,149.166667,99.200100,49.962606,0.003961,375424,44757,1.095809,0.412507,0.254218,0.745782,0,0
92,0,119.339925,59.662200,8.879435,50.798290,294986,96112,0.861022,0.885825,0.254218,0.745782,0.25829646017699115,1.0
93,0,154.131362,98.714400,55.413001,0.003961,386180,57132,1.127204,0.526562,0.272256,0.727744,0,0
94,0,152.181628,106.434000,45.743667,0.003961,365939,11159,1.068123,0.102848,0.272256,0.727744,0,0
95,0,120.926380,87.688200,31.133687,2.104493,338646,46352,0.988459,0.427207,0.272256,0.727744,0,0.14255313489213417
96,0,166.377426,110.338500,56.034965,0.003961,386371,18576,1.127761,0.171207,0.272587,0.727413,0,0
97,0,113.031021,66.671700,20.630078,25.729243,318103,95864,0.928497,0.883539,0.272587,0.727413,0,0.6359846317338347
98,0,117.087444,87.877200,29.204755,0.005489,334851,41927,0.977382,0.386424,0.272998,0.727002,0,0.009545139444355533
99,0,132.793027,76.559700,13.018712,43.214615,303116,47917,0.884752,0.441631,0.273299,0.726701,0.03344298245614041,1.0
100,0,116.781646,60.026700,9.668913,47.086033,296540,96451,0.865558,0.888949,0.250003,0.749997,0.18082901554404152,1.0
101,0,107.616848,83.920500,22.780133,0.916216,322268,42533,0.940654,0.392009,0.275576,0.724424,0,0.1126451374011479
102,0,135.339197,94.509600,40.825636,0.003961,357574,42542,1.043707,0.392092,0.27524,0.72476,0,0
103,0,110.520566,78.031800,29.754937,2.733828,336014,75908,0.980776,0.699613,0.27524,0.72476,0,0.1563562384559788
104,0,151.441533,100.048200,51.389371,0.003961,378205,44711,1.103926,0.412083,0.281459,0.718541,0,0
105,0,131.224064,78.358500,9.652812,43.212752,296493,35298,0.865420,0.325327,0.281459,0.718541,0.03115100316789865,1.0
106,0,116.398726,84.045300,29.806460,2.546966,336077,55926,0.980960,0.515447,0.267952,0.732048,0,0.15231350580028014
107,0,145.369718,91.626900,53.738857,0.003961,383032,77609,1.118015,0.715290,0.268558,0.731442,0,0
108,0,102.908954,87.509700,15.383404,0.015850,307672,15973,0.898050,0.147217,0.268558,0.731442,0.03256302521008403,0
109,0,130.656329,97.654200,32.998167,0.003961,341908,16394,0.997980,0.151097,0.26897,0.73103,0,0
110,0,126.380852,68.476500,14.293664,43.610688,305636,77381,0.892107,0.713189,0.26897,0.73103,0.0933476394849786,1.0
111,0,140.411813,97.929000,42.478852,0.003961,360709,34279,1.052858,0.315935,0.291861,0.708139,0,0
112,0,124.535950,84.613500,39.918489,0.003961,355947,73902,1.038958,0.681124,0.291861,0.708139,0,0
113,0,124.918705,90.257700,34.657044,0.003961,345533,44674,1.008561,0.411742,0.291861,0.708139,0,0
114,0,112.847374,72.418800,31.732910,8.695665,339924,98528,0.992189,0.908092,0.291861,0.708139,0,0.2811180992313068
115,0,118.036298,92.649900,25.382437,0.003961,327187,18354,0.955012,0.169161,0.292338,0.707662,0,0
116,0,124.413267,81.944100,28.873791,13.595376,334260,61113,0.975657,0.563253,0.292338,0.707662,0,0.3831957390146472
117,0,140.093955,80.468400,16.423575,43.201981,309797,41569,0.904253,0.383124,0.293304,0.706696,0,1.0
118,0,140.551391,90.675900,49.870323,0.005168,375440,73187,1.095855,0.674535,0.287147,0.712853,0,0.007941988950276313
119,0,124.758340,78.143700,20.702794,25.911846,318219,57740,0.928835,0.532166,0.287602,0.712398,0,0.6397888556731572
120,0,143.866010,102.171300,41.690749,0.003961,358771,18200,1.047201,0.167742,0.308044,0.691956,0,0
121,0,137.152165,100.467900,36.680249,0.004016,348896,14003,1.018377,0.129060,0.308044,0.691956,0,0.0004543875123619312
122,0,118.891938,60.068700,15.621258,43.201981,308255,108026,0.899752,0.995631,0.307681,0.692319,0,1.0
123,0,130.120241,91.801500,28.738597,9.580144,333848,27843,0.974454,0.256618,0.293554,0.706446,0,0.29954496788008567
124,0,120.338516,68.434800,8.701735,43.201981,294633,66517,0.859991,0.613060,0.280784,0.719216,0,1.0
125,0,129.193509,96.961200,32.228348,0.003961,340447,17243,0.993716,0.158922,0.276132,0.723868,0,0
126,0,129.089487,74.218500,11.028026,43.842961,299205,51810,0.873336,0.477512,0.276132,0.723868,0.10350154479917617,1.0
127,0,113.660682,74.185200,31.007536,8.467945,338492,91208,0.988009,0.840627,0.292479,0.707521,0,0.27637384677095866
128,0,158.049659,107.031900,51.013798,0.003961,376830,20057,1.099912,0.184857,0.292731,0.707269,0,0
129,0,115.113454,64.220100,7.691373,43.201981,292646,78579,0.854191,0.724230,0.292731,0.707269,0,1.0
130,0,163.845984,105.548700,58.293323,0.003961,391567,39738,1.142928,0.366249,0.291698,0.708302,0,0
131,0,95.208359,77.113200,18.068653,0.026506,313044,56000,0.913730,0.516129,0.291698,0.708302,0,0.042174194243828844
132,0,111.311276,74.975100,35.983376,0.352799,348271,98354,1.016553,0.906488,0.291304,0.708696,0,0.0900486604994385
133,0,125.156724,64.763700,17.191043,43.201981,311340,95461,0.908757,0.879825,0.309644,0.690356,0,1.0
134,0,127.411854,94.825500,32.582393,0.003961,341308,25223,0.996229,0.232470,0.295265,0.704735,0,0
135,0,115.395498,79.752600,34.033935,1.608963,344416,78574,1.005301,0.724184,0.295265,0.704735,0,0.13107788724539926
136,0,130.961423,94.038300,36.919162,0.003961,349894,36433,1.021290,0.335788,0.305604,0.694396,0,0
137,0,143.513470,91.893600,51.615909,0.003961,378854,72542,1.105820,0.668590,0.305604,0.694396,0,0
138,0,116.426401,89.272500,27.110291,0.043610,330708,33133,0.965289,0.305373,0.305604,0.694396,0,0.05117225702429096
139,0,120.827681,85.223700,35.478713,0.125268,347215,63136,1.013471,0.581899,0.304736,0.695264,0,0.07013256116675082
140,0,130.712008,87.548400,43.159647,0.003961,362288,70460,1.057466,0.649401,0.306008,0.693992,0,0
141,0,164.853737,109.173900,55.675876,0.003961,385914,22001,1.126427,0.202774,0.306008,0.693992,0,0
142,0,126.268910,68.045100,15.021830,43.201981,307069,80252,0.896290,0.739650,0.306008,0.693992,0,1.0
143,0,125.452807,81.420000,44.012742,0.020065,364019,92619,1.062519,0.853631,0.288932,0.711068,0,0.03702914380094846
144,0,95.169903,66.074400,23.906797,5.188706,324549,104301,0.947312,0.961300,0.289126,0.710874,0,0.20803127799951127
145,0,113.058302,88.883100,23.764572,0.410630,324134,27857,0.946100,0.256747,0.298584,0.701416,0,0.09324165239726034
146,0,123.552061,71.841900,8.508181,43.201981,294250,54777,0.858873,0.504857,0.282977,0.717023,0,1.0
147,0,105.391254,85.218600,15.753372,4.419283,308443,24381,0.900301,0.224710,0.266489,0.733511,0,0.191960337665818
148,0,102.531785,71.715600,25.416186,5.400000,327506,88454,0.955943,0.815244,0.25241,0.74759,0,0.2124391563007031
149,0,156.952345,103.719900,53.228484,0.003961,381649,35916,1.113978,0.331023,0.25313,0.74687,0,0
150,0,102.321028,83.517900,16.715212,2.087916,310351,31958,0.905870,0.294544,0.25313,0.74687,0,0.1421805991592615
151,0,153.547795,99.456900,54.086934,0.003961,383545,52022,1.119513,0.479465,0.250791,0.749209,0,0
152,0,129.014372,83.300400,34.285211,11.428761,344886,67218,1.006673,0.619521,0.250791,0.749209,0,0.3380579252801327
153,0,118.163637,75.510600,42.013724,0.639313,360123,108421,1.051147,0.999272,0.254041,0.745959,0,0.10328864627652456
154,0,147.231929,95.191200,52.036768,0.003961,379622,62318,1.108062,0.574359,0.25435,0.74565,0,0
155,0,146.919738,89.586600,57.329177,0.003961,390117,91495,1.138695,0.843272,0.25435,0.74565,0,0
156,0,129.153962,78.246600,12.736594,38.170768,302557,41735,0.883120,0.384654,0.25435,0.74565,0.2408008658008658,0.7544198970279767
157,0,114.517579,88.771800,25.663986,0.081793,327873,31967,0.957014,0.294627,0.26415,0.73585,0,0.06242284364768402
158,0,148.865311,98.038200,50.823149,0.003961,377160,50366,1.100876,0.464203,0.263943,0.736057,0,0
159,0,138.243167,98.634300,39.604906,0.003961,354982,26201,1.036141,0.241484,0.263943,0.736057,0,0
160,0,145.927545,97.382400,48.541184,0.003961,372685,48077,1.087814,0.443106,0.263943,0.736057,0,0
161,0,127.897560,97.206000,30.687598,0.003961,337317,13297,0.984580,0.122553,0.263943,0.736057,0,0
162,0,112.734285,75.761100,35.913833,1.059352,348131,95594,1.016144,0.881051,0.263943,0.736057,0,0.11685906040268457
163,0,116.664609,78.551100,38.102613,0.010896,352420,90583,1.028663,0.834866,0.265753,0.734247,0,0.02514496432675095
164,0,125.132740,72.891300,8.910625,43.330816,295041,52070,0.861182,0.479908,0.265982,0.734018,0.07120085015940492,1.0
165,0,115.139776,62.574600,14.877114,37.688062,306789,98207,0.895473,0.905134,0.278226,0.721774,0,0.8851266964558298
166,0,162.721673,103.805400,58.912312,0.003961,392890,46872,1.146789,0.432000,0.277768,0.722232,0,0
167,0,117.357300,61.212300,14.394403,41.750598,305840,101799,0.892703,0.938240,0.277768,0.722232,0,0.9697628573085174
168,0,125.083593,84.487800,33.914309,6.681484,344147,62521,1.004515,0.576230,0.277168,0.722832,0,0.23915237134207867
169,0,124.064867,81.057000,42.972055,0.035812,361976,91786,1.056556,0.845954,0.281517,0.718483,0,0.047633136094674566
170,0,106.758192,79.191000,25.232632,2.334560,327119,63149,0.954813,0.582018,0.281748,0.718252,0,0.1476672999788896
171,0,127.953172,90.647100,37.302111,0.003961,350728,48571,1.023724,0.447659,0.289848,0.710152,0,0
172,0,135.836080,83.535300,9.098799,43.201981,295381,16930,0.862175,0.156037,0.289848,0.710152,0,1.0
173,0,105.984390,71.650200,34.303784,0.030406,344981,106147,1.006950,0.978313,0.27437,0.72563,0,0.044674815070127494
174,0,153.705713,96.840600,56.861152,0.003961,389078,66276,1.135663,0.610839,0.274562,0.725438,0,0
175,0,108.344268,77.845500,27.715059,2.783709,332005,72520,0.969075,0.668387,0.274562,0.725438,0,0.1574296312459088
176,0,136.117399,89.621400,46.492038,0.003961,368813,70075,1.076512,0.645853,0.285929,0.714071,0,0
177,0,122.604256,89.793000,32.806010,0.005246,341901,42591,0.997960,0.392544,0.285929,0.714071,0,0.00834720131019373
178,0,116.562830,75.784500,40.655069,0.123261,357451,104836,1.043348,0.966230,0.286084,0.713916,0,0.06983749723634747
179,0,121.169146,65.095500,12.871666,43.201981,302841,85856,0.883949,0.791300,0.298938,0.701062,0,1.0
180,0,120.681161,79.831200,40.846000,0.003961,357805,91701,1.044381,0.845171,0.290627,0.709373,0,0
181,0,147.705674,95.589900,52.111813,0.003961,379761,61128,1.108468,0.563392,0.290627,0.709373,0,0
182,0,106.681979,75.810300,23.207744,7.663935,323152,70451,0.943234,0.649318,0.290627,0.709373,0,0.25962290615812045
183,0,117.059241,71.576400,22.487333,22.995508,321747,83159,0.939133,0.766442,0.292516,0.707484,0,0.5790318118948825
184,0,109.797224,84.882300,23.409009,1.505915,323495,40554,0.944235,0.373770,0.295545,0.704455,0,0.1285722047158535
185,0,109.527213,88.799700,20.723551,0.003961,318151,22152,0.928637,0.204166,0.292866,0.707134,0,0
186,0,115.488264,89.264700,25.871463,0.352102,328271,30722,0.958176,0.283152,0.292866,0.707134,0,0.09000768843288531
187,0,105.545053,71.957400,27.511820,6.075833,331626,91768,0.967968,0.845788,0.289432,0.710568,0,0.2265301792723029
188,0,127.980700,87.641100,40.046265,0.293334,356167,64030,1.039600,0.590138,0.29189,0.70811,0,0.08629237572021975
189,0,155.436363,98.371500,57.060902,0.003961,389434,61529,1.136702,0.567088,0.2931,0.7069,0,0
190,0,129.047449,89.920500,39.121050,0.005900,354317,54582,1.034200,0.503060,0.2931,0.7069,0,0.011394652463099897
191,0,118.971801,83.775900,31.949819,3.246082,340292,61039,0.993263,0.562571,0.293291,0.706709,0,0.16729403032552215
192,0,112.729946,86.793000,25.932985,0.003961,328434,39124,0.958651,0.360590,0.30239,0.69761,0,0
193,0,101.169626,81.880500,19.161045,0.128081,315170,42235,0.919936,0.389263,0.30239,0.69761,0,0.07053863917082859
194,0,147.764391,101.439000,46.321430,0.003961,368108,29978,1.074454,0.276295,0.301498,0.698502,0,0
195,0,113.984168,85.322100,27.463591,1.198478,331460,47053,0.967484,0.433668,0.301498,0.698502,0,0.12069796071294758
196,0,111.250467,86.711400,24.535106,0.003961,325687,36649,0.950633,0.337779,0.302627,0.697373,0,0
197,0,106.854490,73.088400,30.824066,2.942024,338135,94507,0.986967,0.871032,0.302627,0.697373,0,0.1608229883835296
198,0,116.517545,91.110000,23.697984,1.709561,323935,20235,0.945520,0.186498,0.306486,0.693514,0,0.13347608850820836
199,0,123.619798,93.641100,29.929192,0.049506,336124,23987,0.981097,0.221078,0.295172,0.704828,0,0.05344185921979161
200,0,129.851952,71.045700,15.604272,43.201981,308211,71392,0.899623,0.657991,0.29503,0.70497,0,1.0
201,0,128.588725,91.631400,36.952885,0.004440,350022,44584,1.021664,0.410912,0.294077,0.705923,0,0.003613418185740458
202,0,137.677634,95.367900,42.305773,0.003961,360464,42571,1.052142,0.392359,0.29422,0.70578,0,0
203,0,119.820963,68.058600,8.560382,43.201981,294355,67493,0.859180,0.622055,0.29422,0.70578,0,1.0
204,0,136.983428,99.414900,37.564567,0.003961,350849,19466,1.024078,0.179410,0.282877,0.717123,0,0
205,0,122.999263,72.583200,7.214083,43.201981,291703,49759,0.851439,0.458608,0.282877,0.717123,0,1.0
206,0,167.398978,111.436200,55.958817,0.003961,385784,14330,1.126048,0.132074,0.27113,0.72887,0,0
207,0,119.433733,78.565500,40.839227,0.029006,357799,95914,1.044364,0.884000,0.27113,0.72887,0,0.04381813347513963
208,0,112.706801,85.755000,25.539854,1.411947,327674,41824,0.956433,0.385475,0.271278,0.728722,0,0.12623619976440292
209,0,130.598903,79.875900,7.515728,43.207275,292287,26034,0.853144,0.239945,0.276375,0.723625,0.021739130434782594,1.0
210,0,109.943958,67.662300,14.486904,27.794754,306017,80476,0.893219,0.741714,0.267463,0.732537,0.06847882906429692,0.6767152623342394
211,0,90.864725,66.084000,19.512279,5.268446,315905,95625,0.922081,0.881336,0.268817,0.731183,0,0.20969494580053538
212,0,121.514490,87.608100,33.753340,0.153050,343797,51770,1.003494,0.477143,0.269055,0.730945,0,0.0738171709265606
213,0,144.784170,96.775800,48.004409,0.003961,371646,49060,1.084781,0.452166,0.269209,0.730791,0,0
214,0,143.270899,94.830600,48.436338,0.003961,372546,56444,1.087408,0.520221,0.269209,0.730791,0,0
215,0,88.823194,72.942600,15.708012,0.172583,308412,65270,0.900210,0.601567,0.269209,0.730791,0.06670035371399685,0.06034201954397389
216,0,104.330891,85.666500,18.660430,0.003961,314152,28597,0.916964,0.263567,0.279735,0.720265,0,0
217,0,131.826475,84.535800,47.278179,0.012496,370413,88627,1.081182,0.816839,0.279735,0.720265,0,0.027913300807806185
218,0,135.354906,98.817900,36.533045,0.003961,348852,19459,1.018249,0.179346,0.279949,0.720051,0,0
219,0,135.648842,77.933700,14.512673,43.202469,306050,46271,0.893316,0.426461,0.279949,0.720051,0.0036784025223332018,1.0
220,0,111.358456,66.696300,25.507900,19.154257,327697,105376,0.956500,0.971207,0.272611,0.727389,0,0.4990057505239963
221,0,106.953643,82.087500,23.551441,1.314702,323798,50173,0.945120,0.462424,0.273669,0.726331,0,0.1237578557232637
222,0,109.633361,79.192500,30.382078,0.058783,337241,73266,0.984358,0.675263,0.273965,0.726035,0,0.056511186154495574
223,0,113.517220,84.969900,28.530701,0.016620,333561,50328,0.973616,0.463853,0.274143,0.725857,0,0.033470703228192566
224,0,154.473547,106.047000,48.422586,0.003961,371737,18247,1.085047,0.168175,0.274283,0.725717,0,0
225,0,123.026583,78.831600,44.053298,0.141684,364115,101343,1.062799,0.934037,0.274283,0.725717,0,0.07239161441373554
226,0,141.568147,102.568800,38.995386,0.003961,353105,11209,1.030663,0.103309,0.276665,0.723335,0,0
227,0,168.570929,110.440500,58.126468,0.003961,390660,22525,1.140280,0.207604,0.276665,0.723335,0,0
228,0,139.075061,96.184200,42.886900,0.003961,361583,40969,1.055409,0.377594,0.276665,0.723335,0,0
229,0,149.782232,95.111700,54.666571,0.003961,384797,67758,1.123167,0.624498,0.276665,0.723335,0,0
230,0,136.520569,98.632500,37.884108,0.003961,351564,22789,1.026165,0.210037,0.276665,0.723335,0,0
231,0,124.079262,67.246500,13.630782,43.201981,304333,80178,0.888304,0.738968,0.276665,0.723335,0,1.0
232,0,157.464447,105.219300,52.241186,0.003961,379562,28831,1.107887,0.265724,0.268674,0.731326,0,0
233,0,173.710886,113.821500,59.885425,0.003961,393144,13739,1.147531,0.126627,0.268674,0.731326,0,0
234,0,158.274475,104.235000,54.035514,0.003961,383214,35764,1.118546,0.329622,0.268674,0.731326,0,0
235,0,110.458436,76.349100,27.907223,6.202112,332389,77892,0.970196,0.717899,0.268674,0.731326,0,0.22916223121141155
236,0,151.714291,96.380100,55.330230,0.003961,386076,64809,1.126900,0.597318,0.276919,0.723081,0,0
237,0,142.117303,92.421600,49.691742,0.003961,375062,66990,1.094752,0.617419,0.276919,0.723081,0,0
238,0,131.828264,81.095400,7.528786,43.204078,292309,21991,0.853208,0.202682,0.276919,0.723081,0.012060828526481382,1.0
239,0,119.846373,63.584100,13.042419,43.219854,303178,91231,0.884933,0.840839,0.269586,0.730414,0.03860391327340029,1.0
240,0,139.736636,84.123900,9.363273,46.249464,295895,15482,0.863675,0.142691,0.269724,0.730276,0.16315789473684217,1.0
241,0,147.918649,101.733000,46.181688,0.003961,367808,28698,1.073579,0.264498,0.264513,0.735487,0,0
242,0,134.949363,85.286700,49.658598,0.004064,375085,90796,1.094819,0.836829,0.264513,0.735487,0,0.000847951666754998
243,0,137.951159,98.052300,39.894898,0.003961,355594,28753,1.037928,0.265005,0.264688,0.735312,0,0
244,0,116.395974,79.258500,32.318038,4.819436,341046,76851,0.995464,0.708304,0.264688,0.735312,0,0.20032318736920185
245,0,141.536850,91.407900,50.124989,0.003961,375930,71237,1.097285,0.656562,0.269832,0.730168,0,0
246,0,129.401243,85.546800,43.847057,0.007386,363660,78504,1.061471,0.723539,0.269832,0.730168,0,0.01676910034968737
247,0,128.659869,80.004300,48.629711,0.025858,373103,106422,1.089034,0.980848,0.269982,0.730018,0,0.04172134001017591
248,0,136.717516,88.047000,48.666554,0.003961,373107,79617,1.089046,0.733797,0.271056,0.728944,0,0
249,0,127.312150,71.630100,11.877878,43.804172,300880,62113,0.878225,0.572470,0.271056,0.728944,0.10200845665961944,1.0
250,0,124.238327,83.308500,40.924892,0.004935,357936,80241,1.044764,0.739548,0.279143,0.720857,0,0.006673579537901153
251,0,114.337364,89.253600,25.078985,0.004779,326712,29200,0.953625,0.269124,0.279252,0.720748,0,0.00576917916655495
252,0,134.758019,83.564400,51.189658,0.003961,378109,99561,1.103646,0.917613,0.278953,0.721047,0,0
253,0,114.104372,59.802900,11.099491,43.201981,299356,100013,0.873777,0.921779,0.278953,0.721047,0,1.0
254,0,116.225988,75.009900,38.085885,3.130203,352404,102371,1.028616,0.943512,0.270085,0.729915,0,0.1648339888166519
255,0,135.317828,86.661000,48.652867,0.003961,373095,84225,1.089011,0.776267,0.276578,0.723422,0,0
256,0,134.688453,89.552100,45.132392,0.003961,366141,67634,1.068713,0.623355,0.276578,0.723422,0,0
257,0,128.165441,81.084000,47.077480,0.003961,370045,99765,1.080108,0.919493,0.276578,0.723422,0,0
258,0,136.464993,88.168200,48.292832,0.003961,372371,78477,1.086897,0.723290,0.276578,0.723422,0,0
259,0,134.050071,85.657200,48.388910,0.003961,372586,87062,1.087525,0.802415,0.276578,0.723422,0,0
260,0,113.809027,75.983700,37.376863,0.448465,351006,97727,1.024536,0.900710,0.276578,0.723422,0,0.09514650084317033
261,0,96.263375,71.496300,24.379996,0.387079,325469,87148,0.949997,0.803207,0.278268,0.721732,0,0.09198685132295081
262,0,144.723341,86.935200,12.042795,45.745346,301109,11325,0.878894,0.104378,0.278937,0.721063,0.15232133541992698,1.0
263,0,115.475972,88.858500,26.613511,0.003961,329739,33544,0.962461,0.309161,0.273684,0.726316,0,0
264,0,123.070629,65.231400,14.637248,43.201981,306315,88877,0.894089,0.819143,0.273684,0.726316,0,1.0
265,0,118.209450,64.456200,10.551269,43.201981,298275,83421,0.870622,0.768857,0.273535,0.726465,0,1.0
266,0,125.555268,68.974800,13.378488,43.201981,303835,73919,0.886851,0.681281,0.272688,0.727312,0,1.0
267,0,130.176895,91.976100,38.196833,0.003961,352462,45875,1.028786,0.422811,0.272089,0.727911,0,0
268,0,111.119143,78.327600,27.987324,4.804219,332538,71446,0.970630,0.658488,0.272089,0.727911,0,0.2000053866250101
269,0,119.445011,85.005300,30.090257,4.349453,336626,53275,0.982563,0.491014,0.272588,0.727412,0,0.1904994571118349
270,0,107.781424,64.596600,21.879751,21.305073,320564,105242,0.935680,0.969972,0.273389,0.726611,0,0.5438144329896908
271,0,130.333771,83.651700,46.678110,0.003961,369241,90402,1.077761,0.833198,0.27376,0.72624,0,0
272,0,138.494880,95.983800,42.506987,0.004093,360841,40895,1.053243,0.376912,0.27376,0.72624,0,0.0010780395456457814
273,0,93.010027,76.645500,15.555471,0.809056,308104,52619,0.899311,0.484968,0.273899,0.726101,0.005347593582887722,0.10923014913341389
274,0,143.049633,97.685100,45.360572,0.003961,366406,40789,1.069486,0.375935,0.268281,0.731719,0,0
275,0,101.553623,78.123900,17.732640,5.697083,312380,51967,0.911792,0.478959,0.268281,0.731719,0,0.21863446551586563
276,0,124.357104,61.426200,11.977286,50.953618,301083,96329,0.878818,0.887825,0.263179,0.736821,0.27548918640576725,0.9860440774553701
277,0,110.386055,88.419000,21.915970,0.051085,320507,25777,0.935514,0.237576,0.268024,0.731976,0,0.05400303118934302
278,0,134.471519,89.992500,44.398982,0.080036,364693,64718,1.064486,0.596479,0.267939,0.732061,0,0.062033222591362125
279,0,135.952012,77.872200,12.834733,45.245079,302751,43177,0.883687,0.397945,0.268026,0.731974,0.15625,0.9857950509957669
280,0,120.309676,83.011500,35.224807,2.073370,346735,70030,1.012069,0.645438,0.274054,0.725946,0,0.14185318765248756
281,0,117.729672,82.196700,28.376071,7.156900,333280,59291,0.972796,0.546461,0.274193,0.725807,0,0.24905864824597046
282,0,98.362232,76.894800,21.441064,0.026369,319675,63359,0.933085,0.583954,0.274392,0.725608,0,0.04207941056078601
283,0,105.879626,79.327200,22.334241,4.218185,321421,56997,0.938182,0.525318,0.274475,0.725525,0,0.1877516646051004
284,0,118.455892,75.551400,33.532174,9.372317,343450,91612,1.002481,0.844350,0.28186,0.71814,0,0.29521520764702713
285,0,167.263631,108.345600,58.914070,0.003961,392565,31413,1.145841,0.289521,0.287341,0.712659,0,0
286,0,141.900790,97.197600,44.699229,0.003961,365120,41128,1.065733,0.379060,0.287341,0.712659,0,0
287,0,144.983344,94.805100,50.174283,0.003961,375966,59949,1.097391,0.552525,0.287341,0.712659,0,0
288,0,137.245136,84.984600,52.256575,0.003961,380194,96912,1.109731,0.893198,0.287341,0.712659,0,0
289,0,102.486345,72.647400,23.547920,6.291025,323830,81672,0.945213,0.752737,0.287341,0.712659,0,0.2310153408624791
290,0,131.281183,98.558400,32.718821,0.003961,341196,12668,0.995902,0.116756,0.289128,0.710872,0,0
291,0,110.616814,59.317200,8.097633,43.201981,293447,95723,0.856529,0.882240,0.289128,0.710872,0,1.0
292,0,152.853943,103.806300,49.043681,0.003961,373322,27301,1.089673,0.251622,0.284387,0.715613,0,0
293,0,129.743584,72.178500,14.363103,43.201981,305768,65173,0.892493,0.600673,0.284387,0.715613,0,1.0
294,0,136.079233,96.480900,39.594372,0.003961,355079,33476,1.036424,0.308535,0.279677,0.720323,0,0
295,0,138.948514,83.816100,11.930433,43.201981,300944,21557,0.878412,0.198682,0.279677,0.720323,0,1.0
296,0,146.182532,89.209800,56.968771,0.003961,389413,92047,1.136640,0.848359,0.275721,0.724279,0,0
297,0,104.236519,75.725100,27.356147,1.155272,331308,78891,0.967040,0.727106,0.275721,0.724279,0,0.11952852933297609
298,0,154.254513,96.120900,58.129652,0.003961,391589,71186,1.142992,0.656092,0.275811,0.724189,0,0
299,0,126.588882,71.700300,14.387663,40.500919,305817,66816,0.892636,0.615816,0.275811,0.724189,0,0.9437278881243558
300,0,120.481495,76.758300,21.557812,22.165383,319905,64044,0.933757,0.590267,0.275459,0.724541,0,0.5617375535773161
301,0,103.431157,62.614200,19.283585,21.533372,315459,106745,0.920779,0.983825,0.275747,0.724253,0,0.5485706580366774
302,0,92.201258,65.940000,19.163968,7.097290,315220,95420,0.920082,0.879447,0.275852,0.724148,0,0.24781659388646293
303,0,127.714255,80.574000,47.136294,0.003961,370164,101584,1.080455,0.936258,0.275956,0.724044,0,0
304,0,111.773811,58.449000,10.122830,43.201981,297434,102604,0.868167,0.945659,0.275956,0.724044,0,1.0
305,0,133.251869,76.638000,13.846191,42.767678,304743,49283,0.889501,0.454221,0.27538,0.72462,0,0.9909520286803619
306,0,169.178345,112.012200,57.162184,0.003961,388128,14754,1.132890,0.135982,0.272606,0.727394,0,0
307,0,122.966448,83.727300,39.232865,0.006283,354607,75516,1.035047,0.696000,0.272606,0.727394,0,0.012953161156475157
308,0,164.574268,106.723800,57.846507,0.003961,390592,34846,1.140082,0.321161,0.272687,0.727313,0,0
309,0,121.851736,68.533500,10.047852,43.270384,297282,68837,0.867723,0.634442,0.272687,0.727313,0.06022788931090617,1.0
310,0,128.478702,92.442300,35.981934,0.054468,348093,39952,1.016033,0.368221,0.278624,0.721376,0,0.055149233664963604
311,0,132.359841,94.018500,38.335832,0.005508,352685,39290,1.029437,0.362120,0.27872,0.72128,0,0.00963842730361042
312,0,148.989262,99.284700,49.700601,0.003961,374904,43955,1.094291,0.405115,0.278811,0.721189,0,0
313,0,149.428190,102.599100,46.825129,0.003961,369014,27017,1.077099,0.249005,0.278811,0.721189,0,0
314,0,118.368870,76.407000,25.839063,16.122807,328323,73633,0.958327,0.678645,0.278811,0.721189,0,0.43585055643879167
315,0,113.048740,73.692600,33.669458,5.686682,343727,98085,1.003290,0.904009,0.281912,0.718088,0,0.21841759772794256
316,0,129.892373,83.156100,15.751112,30.985161,308459,31272,0.900347,0.288221,0.283719,0.716281,0,0.7454829172141919
317,0,111.048918,72.433200,32.396181,6.219537,341228,99784,0.995995,0.919668,0.280561,0.719439,0,0.22952539819199314
318,0,130.431483,77.530800,9.698703,43.201981,296585,38149,0.865689,0.351604,0.280668,0.719332,0,1.0
319,0,164.599378,107.541600,57.053817,0.003961,388933,30461,1.135239,0.280747,0.277997,0.722003,0,0
320,0,147.423039,91.222800,56.196278,0.003961,387869,83793,1.132134,0.772286,0.277997,0.722003,0,0
321,0,100.649555,68.223900,20.155380,12.270276,317167,89754,0.925765,0.827226,0.277997,0.722003,0,0.35558947988644274
322,0,146.374932,91.621500,54.749471,0.003961,385019,79614,1.123815,0.733770,0.278094,0.721906,0,0
323,0,105.183171,75.750600,26.832272,2.600299,330278,77776,0.964034,0.716829,0.278094,0.721906,0,0.15347111817700054
324,0,114.844063,80.747100,31.579598,2.517365,339586,70429,0.991203,0.649115,0.278231,0.721769,0,0.1516695722140271
325,0,115.298557,59.185200,12.910638,43.202719,302921,105637,0.884183,0.973613,0.278465,0.721535,0.005288207297726055,1.0
326,0,116.719096,85.622400,31.059052,0.037644,338524,53116,0.988103,0.489548,0.278323,0.721677,0,0.04853156146179394
327,0,163.877958,108.906000,54.967997,0.003961,384523,21503,1.122367,0.198184,0.278396,0.721604,0,0
328,0,112.353123,84.945600,27.225078,0.182445,330995,47843,0.966127,0.440949,0.278396,0.721604,0,0.07709720372836226
329,0,113.356318,86.303400,27.048957,0.003961,330634,42956,0.965073,0.395908,0.278727,0.721273,0,0
330,0,116.042806,75.348000,40.671362,0.023444,357485,106325,1.043447,0.979954,0.278727,0.721273,0,0.03991983967935875
331,0,124.426926,71.765400,9.459545,43.201981,296122,56904,0.864337,0.524461,0.278813,0.721187,0,1.0
332,0,114.244945,84.196800,29.127910,0.920235,334742,54086,0.977064,0.498488,0.275634,0.724366,0,0.11276794035414728
333,0,111.603403,60.375300,8.018005,43.210097,293290,92039,0.856071,0.848286,0.275915,0.724085,0.027233115468409452,1.0
334,0,113.473486,71.142300,24.021057,18.310129,324764,87623,0.947939,0.807585,0.275068,0.724932,0,0.4814197497130991
335,0,113.268392,80.358300,15.749766,17.160326,308473,40612,0.900388,0.374304,0.275637,0.724363,0,0.4574655363865341
336,0,158.565349,105.766800,52.794588,0.003961,380610,28054,1.110946,0.258562,0.273367,0.726633,0,0
337,0,126.209558,95.152200,31.053397,0.003961,338263,21089,0.987341,0.194369,0.273367,0.726633,0,0
338,0,99.569139,79.477500,18.113281,1.978358,313123,48198,0.913961,0.444221,0.273367,0.726633,0,0.13970228717335798
339,0,130.814260,97.725900,33.084399,0.003961,342072,16319,0.998459,0.150406,0.27323,0.72677,0,0
340,0,120.651849,78.524100,19.591577,22.536171,316033,54286,0.922455,0.500332,0.27323,0.72677,0,0.5694623067451088
341,0,149.616538,101.431800,48.180777,0.003961,371795,33689,1.085216,0.310498,0.273363,0.726637,0,0
342,0,134.637532,87.328800,47.301101,0.007631,370431,79335,1.081235,0.731198,0.273363,0.726637,0,0.017511740826235855
343,0,124.843254,86.963400,37.817577,0.062276,351794,61916,1.026836,0.570654,0.273453,0.726547,0,0.05754285105929946
344,0,146.746273,92.960400,53.781912,0.003961,383096,73228,1.118202,0.674912,0.276623,0.723377,0,0
345,0,117.514548,83.125500,30.044804,4.344244,336553,59468,0.982350,0.548092,0.276623,0.723377,0,0.19039045494853957
346,0,135.311880,98.321700,36.986219,0.003961,349804,22065,1.021027,0.203364,0.279369,0.720631,0,0
347,0,112.898480,89.276700,23.617819,0.003961,323836,26247,0.945231,0.241908,0.279369,0.720631,0,0
348,0,105.706865,72.074400,26.679436,6.953030,329989,89741,0.963190,0.827106,0.279369,0.720631,0,0.24481071198107118
349,0,130.466462,86.923800,43.538701,0.003961,363040,73294,1.059661,0.675521,0.280788,0.719212,0,0
350,0,137.381834,85.594200,51.783673,0.003961,379259,93945,1.107002,0.865853,0.280788,0.719212,0,0
351,0,133.128365,73.042200,16.884184,43.201981,310725,67251,0.906961,0.619825,0.280788,0.719212,0,1.0
352,0,133.762508,83.471700,7.088828,43.201981,291431,13192,0.850645,0.121585,0.279563,0.720437,0,1.0
353,0,122.329982,90.476400,31.847323,0.006259,340002,38414,0.992417,0.354046,0.276571,0.723429,0,0.012860514963236258
354,0,120.981643,66.926100,15.436010,38.619533,307885,84798,0.898672,0.781548,0.276638,0.723362,0.035361414456578144,0.9042323651452282
355,0,133.850652,91.163100,42.683591,0.003961,361302,57425,1.054588,0.529263,0.279093,0.720907,0,0
356,0,146.041076,103.582800,42.454315,0.003961,360038,14762,1.050899,0.136055,0.279093,0.720907,0,0
357,0,120.098283,83.630400,36.172120,0.295763,348592,69824,1.017490,0.643539,0.279093,0.720907,0,0.0864575774678169
358,0,143.902724,99.498600,44.400163,0.003961,364426,32764,1.063707,0.301972,0.280019,0.719981,0,0
359,0,149.300868,99.225300,50.071607,0.003961,375638,44887,1.096433,0.413705,0.280019,0.719981,0,0
360,0,139.106751,95.919300,43.183490,0.003961,362176,42445,1.057140,0.391198,0.280019,0.719981,0,0
361,0,140.105475,83.964300,56.137214,0.003961,387830,107949,1.132020,0.994922,0.280019,0.719981,0,0
362,0,106.934763,87.043500,19.881947,0.009315,316533,26388,0.923914,0.243207,0.280019,0.719981,0,0.0218762369705765
363,0,129.206697,83.828100,45.278159,0.100438,366488,87061,1.069726,0.802406,0.279973,0.720027,0,0.06611964002117532
364,0,103.281522,70.967400,24.932143,7.381980,326556,89998,0.953170,0.829475,0.280244,0.719756,0,0.25374833934332885
365,0,136.095685,96.783300,39.308424,0.003961,354501,31890,1.034737,0.293917,0.282639,0.717361,0,0
366,0,130.237282,76.040400,10.994901,43.201981,299137,45669,0.873138,0.420912,0.282639,0.717361,0,1.0
367,0,127.108523,74.044800,9.861742,43.201981,296911,50095,0.866640,0.461705,0.279776,0.720224,0,1.0
368,0,125.108991,80.218800,44.699626,0.190565,365377,97981,1.066483,0.903051,0.27752,0.72248,0,0.0779185981083037
369,0,128.729348,83.585100,45.140287,0.003961,366219,87602,1.068940,0.807392,0.277577,0.722423,0,0
370,0,104.833405,76.966200,27.498478,0.368727,331583,75029,0.967843,0.691512,0.277577,0.722423,0,0.09096695486129525
371,0,102.218336,75.995100,22.313873,3.909363,321394,68077,0.938103,0.627438,0.277647,0.722353,0,0.18127722877483798
372,0,147.870630,103.361700,44.504969,0.003961,364271,19732,1.063255,0.181862,0.27785,0.72215,0,0
373,0,140.339742,87.953400,52.382381,0.003961,380412,87234,1.110368,0.804000,0.27785,0.72215,0,0
374,0,124.677079,95.074800,29.598317,0.003961,335381,18465,0.978929,0.170184,0.27785,0.72215,0,0
375,0,150.903519,102.787800,48.111758,0.003961,371559,28933,1.084527,0.266664,0.27785,0.72215,0,0
376,0,146.275609,100.169700,46.101948,0.003961,367755,33856,1.073424,0.312037,0.27785,0.72215,0,0
377,0,129.679648,97.597200,32.078487,0.003961,340066,14742,0.992604,0.135871,0.27785,0.72215,0,0
378,0,146.730417,103.213200,43.513256,0.003961,362287,18243,1.057464,0.168138,0.27785,0.72215,0,0
379,0,115.868133,84.530700,31.315153,0.022280,339038,57269,0.989603,0.527825,0.27785,0.72215,0,0.03897867355360907
380,0,130.028418,86.076600,43.946852,0.004966,363851,76929,1.062029,0.709023,0.277915,0.722085,0,0.006849678755376232
381,0,116.961537,81.425700,34.831338,0.704499,345973,74554,1.009845,0.687134,0.277984,0.722016,0,0.10568435605657778
382,0,142.898149,99.214800,43.679387,0.003961,363016,32300,1.059591,0.297696,0.28159,0.71841,0,0
383,0,136.214110,77.870400,15.141729,43.201981,307287,47719,0.896926,0.439806,0.28159,0.71841,0,1.0
384,0,106.762017,70.684200,28.155995,7.921822,332896,97282,0.971675,0.896608,0.278473,0.721527,0,0.2649958689066373
385,0,129.482071,81.904200,47.573909,0.003961,371015,98001,1.082939,0.903235,0.27886,0.72114,0,0
386,0,111.429121,69.223200,18.166249,24.039672,313253,82509,0.914340,0.760452,0.27886,0.72114,0,0.600785233252447
387,0,130.133430,92.324700,37.804769,0.003961,351683,43934,1.026512,0.404922,0.279004,0.720996,0,0
388,0,148.421414,104.939100,43.478353,0.003961,361734,11937,1.055849,0.110018,0.279004,0.720996,0,0
389,0,125.488969,73.285200,9.001789,43.201981,295220,50936,0.861705,0.469456,0.279004,0.720996,0,1.0
390,0,103.054004,85.086600,17.963443,0.003961,312789,29167,0.912986,0.268820,0.276723,0.723277,0,0
391,0,118.477902,60.480300,14.795622,43.201981,306630,105029,0.895009,0.968009,0.276723,0.723277,0,1.0
392,0,105.538522,75.576300,24.984533,4.977689,326646,74725,0.953433,0.688710,0.276682,0.723318,0,0.20362739250664208
393,0,100.886450,71.649600,20.315064,8.921785,317475,78643,0.926664,0.724820,0.276847,0.723153,0,0.28582902733527893
394,0,136.374888,91.765500,44.605427,0.003961,365071,59186,1.065590,0.545493,0.276941,0.723059,0,0
395,0,130.900945,82.746000,48.150984,0.003961,372143,96323,1.086232,0.887770,0.276941,0.723059,0,0
396,0,118.348767,81.247500,37.092251,0.009016,350418,79593,1.022820,0.733576,0.276941,0.723059,0,0.021178712399618882
397,0,140.447693,92.614500,47.829232,0.003961,371396,62681,1.084051,0.577705,0.276985,0.723015,0,0
398,0,154.370879,102.650400,51.716518,0.003961,378722,36554,1.105435,0.336903,0.276985,0.723015,0,0
399,0,132.373374,80.235000,8.880299,43.258075,294969,27519,0.860972,0.253631,0.276985,0.723015,0.05689390056381349,1.0
400,0,128.540073,76.981200,8.242030,43.316843,293721,37117,0.857329,0.342092,0.273585,0.726415,0.0691689008042895,1.0
401,0,103.763956,86.462700,17.275831,0.025425,311418,23209,0.908984,0.213908,0.272868,0.727132,0,0.0414117015566291
402,0,130.621406,81.833400,48.784045,0.003961,373394,100616,1.089883,0.927336,0.272813,0.727187,0,0
403,0,122.703581,88.476300,33.737017,0.490263,343753,48832,1.003365,0.450065,0.272813,0.727187,0,0.09711556224104723
404,0,108.019778,73.395300,33.897306,0.727172,344176,99525,1.004600,0.917281,0.273085,0.726915,0,0.10648460479801392
405,0,95.256305,62.406600,19.015109,13.834595,314931,106909,0.919238,0.985336,0.27322,0.72678,0,0.3881794767520672
406,0,118.356455,85.275300,32.936132,0.145022,342217,57966,0.998882,0.534249,0.273369,0.726631,0,0.07282094863759492
407,0,131.201861,76.630800,11.189187,43.381874,299518,44082,0.874250,0.406286,0.273427,0.726573,0.07724209434940388,1.0
408,0,120.175900,91.011900,29.157431,0.006569,334696,31323,0.976929,0.288691,0.275782,0.724218,0,0.014028320828489926
409,0,108.441092,72.270900,35.307846,0.862346,346953,106050,1.012706,0.977419,0.275728,0.724272,0,0.11097016305927743
410,0,110.383716,71.921100,23.618715,14.843901,323971,84234,0.945625,0.776350,0.278091,0.721909,0,0.4092066760593909
411,0,111.250127,80.298600,29.968507,0.983020,336422,68760,0.981967,0.633733,0.279941,0.720059,0,0.11465071151358341
412,0,116.875778,73.785600,34.455511,8.634667,345272,99320,1.007799,0.915392,0.280881,0.719119,0,0.2798472837182172
413,0,130.987223,77.273100,17.163561,36.550561,311264,53687,0.908535,0.494811,0.283264,0.716736,0,0.8614287636216871
414,0,122.884616,81.027600,41.817539,0.039476,359707,89615,1.049933,0.825945,0.281034,0.718966,0,0.04938565829890906
415,0,110.301811,89.029200,21.268650,0.003961,319218,22454,0.931751,0.206949,0.281067,0.718933,0,0
416,0,137.287594,88.284000,48.999633,0.003961,373759,79479,1.090949,0.732525,0.281067,0.718933,0,0
417,0,158.468307,106.426500,52.037846,0.003961,379009,24254,1.106273,0.223539,0.281067,0.718933,0,0
418,0,115.248230,92.515500,22.724782,0.007948,321924,13539,0.939650,0.124783,0.281067,0.718933,0,0.01842285593801063
419,0,138.755368,91.082400,47.607930,0.065038,370986,67378,1.082855,0.620995,0.280933,0.719067,0,0.05831844484147097
420,0,107.007234,75.396900,28.047828,3.562506,332669,81346,0.971013,0.749733,0.281068,0.718932,0,0.17398196228477725
421,0,108.715067,90.040200,18.670906,0.003961,314056,13922,0.916684,0.128313,0.28237,0.71763,0,0
422,0,128.647286,87.430800,41.196264,0.020223,358430,66994,1.046205,0.617456,0.28237,0.71763,0,0.03717560268739295
423,0,135.579854,89.580600,45.995293,0.003961,367837,69235,1.073663,0.638111,0.28241,0.71759,0,0
424,0,98.487999,74.799600,18.701065,4.987333,314294,64962,0.917379,0.598728,0.28241,0.71759,0,0.20382871005168235
425,0,130.975121,92.883300,38.087860,0.003961,352227,42616,1.028100,0.392774,0.282464,0.717536,0,0
426,0,108.267028,75.423300,32.793805,0.049924,341999,90588,0.998246,0.834912,0.282464,0.717536,0,0.05359191186277912
427,0,132.258189,80.449200,8.607008,43.201981,294431,26267,0.859402,0.242092,0.282576,0.717424,0,1.0
428,0,113.167481,77.488500,31.238611,4.440370,338933,80638,0.989297,0.743207,0.280322,0.719678,0,0.19240140298267683
429,0,139.671070,80.864100,15.604989,43.201981,308186,38639,0.899550,0.356120,0.280352,0.719648,0,1.0
430,0,102.729510,70.501200,18.646207,13.582103,314195,79191,0.917090,0.729871,0.279921,0.720079,0,0.38291921249151395
431,0,104.617962,66.263100,19.499687,18.855175,315880,95003,0.922008,0.875604,0.279976,0.720024,0,0.4927748865020485
432,0,130.087894,96.945900,33.138032,0.003961,342264,19111,0.999019,0.176138,0.280074,0.719926,0,0
433,0,109.812521,88.170000,20.905840,0.736681,318525,24625,0.929729,0.226959,0.280074,0.719926,0,0.10681562449766913
434,0,160.825255,105.503700,55.317594,0.003961,385664,33985,1.125698,0.313226,0.278855,0.721145,0,0
435,0,141.310716,95.877300,45.429454,0.003961,366601,47010,1.070055,0.433272,0.278855,0.721145,0,0
436,0,107.444985,85.216800,22.199960,0.028225,321115,37059,0.937288,0.341558,0.278855,0.721145,0,0.04332129963898912
437,0,140.779426,96.235200,44.540265,0.003961,364839,44055,1.064912,0.406037,0.278812,0.721188,0,0
438,0,153.361102,97.042500,56.314641,0.003961,387998,64523,1.132510,0.594682,0.278812,0.721188,0,0
439,0,123.884671,86.114400,37.741659,0.028612,351654,64606,1.026427,0.595447,0.278812,0.721188,0,0.04356979161114971
440,0,106.816873,75.378900,19.905143,11.532830,316660,65397,0.924285,0.602737,0.278873,0.721127,0,0.3402260158691993
441,0,119.658706,83.292000,24.189859,12.176847,325044,47404,0.948757,0.436903,0.280164,0.719836,0,0.35364304989681994
442,0,153.273237,94.723500,58.545776,0.003961,392434,76689,1.145458,0.706811,0.281638,0.718362,0,0
443,0,155.607306,103.323000,52.280345,0.003961,379796,35386,1.108570,0.326138,0.281638,0.718362,0,0
444,0,115.691336,79.755000,35.660956,0.275380,347614,81764,1.014635,0.753585,0.281638,0.718362,0,0.08503428166128146
445,0,106.929633,71.769300,20.053314,15.107019,316960,77729,0.925161,0.716396,0.281954,0.718046,0,0.41468830962829795
446,0,126.335780,90.162900,36.168918,0.003961,348508,47965,1.017245,0.442074,0.282766,0.717234,0,0
447,0,135.082280,99.556200,35.521941,0.004139,346714,14860,1.012008,0.136959,0.282766,0.717234,0,0.0014328168117172524
448,0,129.365533,91.720500,37.641072,0.003961,351374,45639,1.025610,0.420636,0.282735,0.717265,0,0
449,0,117.502017,76.136700,39.326104,2.039213,354837,101048,1.035718,0.931318,0.282735,0.717265,0,0.14108247140589947
450,0,121.684996,87.627900,33.982890,0.074206,344248,52155,1.004810,0.480691,0.284093,0.715907,0,0.06067767804981672
451,0,111.423258,70.101000,29.207962,12.114296,334966,101296,0.977717,0.933604,0.284204,0.715796,0,0.35233989479963124
452,0,128.584139,71.369400,14.012759,43.201981,305080,67182,0.890485,0.619189,0.286199,0.713801,0,1.0
453,0,128.421885,70.404000,15.198129,42.819756,307413,72733,0.897294,0.670350,0.283773,0.716227,0,0.9920369894682763
454,0,133.097354,79.270500,10.624873,43.201981,298402,34167,0.870992,0.314903,0.282574,0.717426,0,1.0
455,0,115.128725,88.506300,24.284630,2.337795,325165,30144,0.949110,0.277825,0.280707,0.719293,0,0.14773853198725329
456,0,117.001744,62.847300,17.916439,36.238005,312769,103278,0.912928,0.951871,0.280482,0.719518,0,0.8549171814355218
457,0,132.270622,84.168900,48.097760,0.003961,372027,91464,1.085893,0.842986,0.280522,0.719478,0,0
458,0,155.879584,101.307600,54.568023,0.003961,384425,46733,1.122081,0.430719,0.280522,0.719478,0,0
459,0,122.428504,65.747700,19.514607,37.166197,315910,96751,0.922096,0.891714,0.280522,0.719478,0,0.8742545149097019
460,0,146.427421,94.073700,52.349760,0.003961,380260,66681,1.109924,0.614571,0.280606,0.719394,0,0
461,0,166.356416,110.681100,55.671354,0.003961,385494,16557,1.125201,0.152599,0.280606,0.719394,0,0
462,0,150.763456,102.947100,47.812395,0.003961,370949,27792,1.082747,0.256147,0.280606,0.719394,0,0
463,0,130.688502,91.698600,38.985941,0.003961,354020,48358,1.033333,0.445696,0.280606,0.719394,0,0
464,0,163.122630,105.300300,57.818369,0.003961,390642,39641,1.140228,0.365355,0.280606,0.719394,0,0
465,0,115.078665,92.187300,22.887404,0.003961,322273,14982,0.940668,0.138083,0.280606,0.719394,0,0
466,0,140.603466,93.055500,47.544005,0.003961,370827,60642,1.082391,0.558912,0.280606,0.719394,0,0
467,0,128.654056,95.402400,33.237235,0.014421,342572,24564,0.999918,0.226396,0.280606,0.719394,0,0.0307351077313055
468,0,108.429409,86.723400,21.702048,0.003961,320117,31039,0.934375,0.286074,0.280575,0.719425,0,0
469,0,127.206579,69.213900,14.790698,43.201981,306613,75900,0.894959,0.699539,0.280575,0.719425,0,1.0
470,0,141.450106,83.134200,15.220872,43.095033,307417,30303,0.897306,0.279290,0.279583,0.720417,0.022595901208617986,0.997653683716565
471,0,128.452811,71.771700,13.477211,43.203900,304026,64787,0.887408,0.597115,0.278438,0.721562,0.011314655172413812,1.0
472,0,146.845590,101.193300,45.648329,0.003961,366790,29479,1.070607,0.271696,0.278366,0.721634,0,0
473,0,100.496773,80.628600,17.031394,2.836779,310991,42229,0.907738,0.389207,0.278366,0.721634,0,0.15856933255820393
474,0,154.501492,100.123500,54.374031,0.003961,384088,50343,1.121097,0.463991,0.27833,0.72167,0,0
475,0,161.573715,105.607500,55.962254,0.003961,386937,34912,1.129413,0.321770,0.27833,0.72167,0,0
476,0,138.583604,93.563700,45.015943,0.003961,365844,53965,1.067846,0.497373,0.27833,0.72167,0,0
477,0,162.709717,104.264400,58.441356,0.003961,391936,44388,1.144005,0.409106,0.27833,0.72167,0,0
478,0,143.906076,97.837800,46.064315,0.003961,367788,41662,1.073520,0.383982,0.27833,0.72167,0,0
479,0,135.901550,87.576600,48.320989,0.003961,372433,80511,1.087078,0.742037,0.27833,0.72167,0,0
480,0,107.324640,67.524000,16.018848,23.781792,309031,83951,0.902017,0.773742,0.27833,0.72167,0.021243523316062274,0.5953068691370251
481,0,112.319039,58.229700,10.887358,43.201981,298939,104840,0.872560,0.966267,0.27836,0.72164,0,1.0
482,0,140.731526,92.589900,48.137665,0.003961,372003,63370,1.085823,0.584055,0.278108,0.721892,0,0
483,0,142.028830,94.862700,47.162169,0.003961,370038,53829,1.080088,0.496120,0.278108,0.721892,0,0
484,0,160.470490,102.220200,58.246329,0.003961,391645,50911,1.143155,0.469226,0.278108,0.721892,0,0
485,0,122.829626,67.353300,12.274345,43.201981,301664,77153,0.880514,0.711088,0.278108,0.721892,0,1.0
486,0,136.843734,95.945400,40.894373,0.003961,357664,37846,1.043970,0.348811,0.277677,0.722323,0,0
487,0,114.124816,59.878200,11.044636,43.201981,299248,99654,0.873462,0.918470,0.277677,0.722323,0,1.0
488,0,153.708243,101.975100,51.729182,0.003961,378786,38869,1.105622,0.358240,0.277405,0.722595,0,0
489,0,118.688455,62.647800,12.621898,43.418757,302351,93525,0.882519,0.861982,0.277405,0.722595,0.08071979434447307,1.0
490,0,165.448088,109.536300,55.907827,0.003961,386312,21191,1.127589,0.195309,0.278677,0.721323,0,0
491,0,119.133329,91.795800,27.333568,0.003961,331079,25093,0.966372,0.231272,0.278677,0.721323,0,0
492,0,138.757839,95.910600,42.843278,0.003961,361506,41804,1.055184,0.385290,0.278677,0.721323,0,0
493,0,116.794829,63.706200,9.886516,43.202114,296967,84613,0.866804,0.779843,0.278677,0.721323,0.0010851871947911151,1.0
494,0,114.181884,90.307200,23.870723,0.003961,324305,23281,0.946600,0.214571,0.278548,0.721452,0,0
495,0,142.928228,88.322700,54.601567,0.003961,384770,90361,1.123088,0.832820,0.278548,0.721452,0,0
496,0,120.298787,83.844000,35.589951,0.864836,347446,67966,1.014145,0.626415,0.278548,0.721452,0,0.11104883907125707
497,0,152.947801,102.468900,50.474940,0.003961,376274,34711,1.098290,0.319917,0.278588,0.721412,0,0
498,0,126.908543,96.733200,30.171382,0.003961,336348,13904,0.981751,0.128147,0.278588,0.721412,0,0
499,0,121.229953,70.133700,7.894272,43.201981,293043,59264,0.855350,0.546212,0.278588,0.721412,0,1.0
500,0,118.077233,79.281000,38.774705,0.021528,353737,89467,1.032507,0.824581,0.278178,0.721822,0,0.03834166263635874
501,0,141.978486,100.832100,41.142425,0.003961,357849,21742,1.044510,0.200387,0.278202,0.721798,0,0
502,0,118.609744,71.307000,30.318811,16.983933,337147,99457,0.984083,0.916654,0.278202,0.721798,0,0.45379068096543285
503,0,119.366679,79.366500,31.493143,8.507036,339424,74869,0.990730,0.690037,0.279712,0.720288,0,0.27718825889557597
504,0,94.476841,75.083700,19.358002,0.035139,315585,65306,0.921147,0.601899,0.281313,0.718687,0,0.04729134992398176
505,0,136.784340,83.528100,10.054260,43.201981,297259,18832,0.867656,0.173567,0.281342,0.718658,0,1.0
506,0,148.729794,103.190400,45.535433,0.003961,366371,22403,1.069384,0.206479,0.279889,0.720111,0,0
507,0,124.500283,82.540500,41.885530,0.074253,359830,84695,1.050292,0.780599,0.279889,0.720111,0,0.060689031846456465
508,0,124.414106,92.797500,31.612380,0.004226,339478,30153,0.990887,0.277908,0.27991,0.72009,0,0.0020932697403285294
509,0,106.332107,70.804500,33.078234,2.449373,342574,106559,0.999924,0.982111,0.279889,0.720111,0,0.1501863452541432
510,0,130.530583,71.253900,16.074702,43.201981,309136,71623,0.902323,0.660120,0.280884,0.719116,0,1.0
511,0,121.406547,70.104000,8.100567,43.201981,293449,59769,0.856535,0.550866,0.279446,0.720554,0,1.0
512,0,140.239984,91.476600,48.759423,0.003961,373244,68322,1.089445,0.629696,0.27785,0.72215,0,0
513,0,150.756888,103.312200,47.440727,0.003961,370172,25798,1.080479,0.237770,0.27785,0.72215,0,0
514,0,115.142625,72.558900,30.949855,11.633870,338384,96521,0.987694,0.889594,0.27785,0.72215,0,0.3423310260042227
515,0,105.832006,71.399100,32.266379,2.166527,340976,102979,0.995260,0.949115,0.278164,0.721836,0,0.1439420181726132
516,0,121.494881,82.567500,36.546958,2.380422,349337,74112,1.019664,0.683060,0.278283,0.721717,0,0.14867584745762719
517,0,139.083751,95.964600,43.115189,0.003961,362040,42158,1.056743,0.388553,0.278569,0.721431,0,0
